Symbol	Ensg	Tumor_Type	Evidence	Role
ABCB1	ENSG00000085563	GBM	C	Act
ABL2	ENSG00000143322	LUSC	B	Act
ACACA	ENSG00000132142	UCEC	C	Act
ACACA	ENSG00000132142	MM	C	Act
ACAD8	ENSG00000151498	LUSC	C	Act
ACAD8	ENSG00000151498	STAD	C	Act
ACAD8	ENSG00000151498	LUAD	C	Act
ACAD8	ENSG00000151498	HNSC	C	Act
ACAD8	ENSG00000151498	GBM	C	Act
ACO1	ENSG00000122729	LGG	C	LoF
ACO1	ENSG00000122729	ESCA	C	LoF
ACO1	ENSG00000122729	RCCC	C	LoF
ACO1	ENSG00000122729	LUAD	C	LoF
ACO1	ENSG00000122729	CM	C	LoF
ACO1	ENSG00000122729	OV	C	LoF
ACO1	ENSG00000122729	COREAD	C	LoF
ACO1	ENSG00000122729	BRCA	C	LoF
ACO1	ENSG00000122729	LUSC	C	LoF
ACSL3	ENSG00000123983	CM	B	Act
ACSL6	ENSG00000164398	LUSC	B	Act
ACSL6	ENSG00000164398	ESCA	B	Act
ACSL6	ENSG00000164398	BLCA	B	Act
ACSL6	ENSG00000164398	STAD	B	Act
ACSL6	ENSG00000164398	BRCA	B	Act
ACSL6	ENSG00000164398	COREAD	B	Act
ACTB	ENSG00000075624	BRCA	C	Act
ACTB	ENSG00000075624	BLCA	C	Act
ACTB	ENSG00000075624	UCEC	C	Act
ACTB	ENSG00000075624	HNSC	C	Act
ACTB	ENSG00000075624	DLBCL	C	Act
ACTB	ENSG00000075624	MM	C	Act
ACTG1	ENSG00000267807	UCEC	A	Act
ACTG1	ENSG00000267807	CM	A	Act
ACTG1	ENSG00000184009	UCEC	A	Act
ACTG1	ENSG00000267807	LUAD	A	Act
ACTG1	ENSG00000184009	RCCC	A	Act
ACTG1	ENSG00000184009	HNSC	A	Act
ACTG1	ENSG00000184009	OV	A	Act
ACTG1	ENSG00000184009	CM	A	Act
ACTG1	ENSG00000184009	LUAD	A	Act
ACTG1	ENSG00000267807	RCCC	A	Act
ACTG1	ENSG00000267807	PRAD	A	Act
ACTG1	ENSG00000267807	CLL	A	Act
ACTG1	ENSG00000184009	CLL	A	Act
ACTG1	ENSG00000184009	PRAD	A	Act
ACTG1	ENSG00000184009	BLCA	A	Act
ACTG1	ENSG00000267807	BLCA	A	Act
ACTG1	ENSG00000267807	HNSC	A	Act
ACTG1	ENSG00000267807	OV	A	Act
ACTG2	ENSG00000163017	STAD	C	Act
ACTG2	ENSG00000163017	LUSC	C	Act
ACTG2	ENSG00000163017	CM	C	Act
ACTG2	ENSG00000163017	LUAD	C	Act
ACVR1B	ENSG00000135503	BRCA	C	LoF
ACVR1B	ENSG00000135503	COREAD	C	LoF
ACVR1B	ENSG00000135503	CM	C	LoF
ACVR1B	ENSG00000135503	PAAD	A	LoF
ACVR1B	ENSG00000135503	STAD	C	LoF
ACVR1B	ENSG00000135503	ESCA	C	LoF
ACVR1B	ENSG00000135503	LUSC	C	LoF
ACVR1B	ENSG00000135503	LUAD	C	LoF
ACVR2A	ENSG00000121989	HC	A	LoF
ACVR2A	ENSG00000121989	LUAD	A	LoF
ACVR2A	ENSG00000121989	CM	A	LoF
ACVR2A	ENSG00000121989	PAAD	A	LoF
ACVR2A	ENSG00000121989	STAD	A	LoF
ACVR2A	ENSG00000121989	HNSC	A	LoF
ADAM10	ENSG00000137845	GBM	C	Act
ADAM10	ENSG00000137845	LUAD	C	Act
ADAM10	ENSG00000137845	LUSC	C	Act
ADAM10	ENSG00000137845	ESCA	C	Act
ADAM10	ENSG00000137845	HNSC	C	Act
ADAM10	ENSG00000137845	STAD	C	Act
ADAM10	ENSG00000137845	BLCA	C	Act
ADCY1	ENSG00000164742	PRAD	C	Act
AFF4	ENSG00000072364	LUSC	B	Act
AFF4	ENSG00000072364	OV	B	Act
AFF4	ENSG00000072364	BRCA	B	Act
AFF4	ENSG00000072364	BLCA	B	Act
AFF4	ENSG00000072364	STAD	B	Act
AFF4	ENSG00000072364	LUAD	B	Act
AFF4	ENSG00000072364	CM	B	Act
AFF4	ENSG00000072364	ESCA	B	Act
AHCTF1	ENSG00000153207	CM	C	Ambiguous
AHR	ENSG00000106546	RCCC	C	Act
AHR	ENSG00000106546	ESCA	C	Act
AHR	ENSG00000106546	HNSC	C	Act
AHR	ENSG00000106546	NB	C	Act
AHR	ENSG00000106546	CM	C	Act
AHR	ENSG00000106546	UCEC	C	Act
AHR	ENSG00000106546	SCLC	C	Act
AHR	ENSG00000106546	BLCA	C	Act
AKT1	ENSG00000142208	BRCA	A	Act
AKT1	ENSG00000142208	CM	A	Act
AKT1	ENSG00000142208	MEN	A	Act
AKT1	ENSG00000142208	LUAD	A	Act
AKT1	ENSG00000142208	RCCC	A	Act
AKT1	ENSG00000142208	UCEC	A	Act
AKT1	ENSG00000142208	HNSC	A	Act
ALK	ENSG00000171094	UCEC	B	Act
ALK	ENSG00000171094	NB	A	Act
ANK3	ENSG00000151150	BRCA	C	Act
ANK3	ENSG00000151150	SCLC	C	Act
ANK3	ENSG00000151150	BLCA	C	Act
ANK3	ENSG00000151150	NB	C	Act
ANK3	ENSG00000151150	STAD	C	Act
ANK3	ENSG00000151150	CM	C	Act
ANK3	ENSG00000151150	UCEC	C	Act
ANK3	ENSG00000151150	GBM	C	Act
APAF1	ENSG00000120868	HNSC	C	LoF
APC	ENSG00000134982	HC	A	LoF
APC	ENSG00000134982	MM	A	LoF
APC	ENSG00000134982	PRAD	A	LoF
APC	ENSG00000134982	HNSC	A	LoF
APC	ENSG00000134982	BLCA	A	LoF
APC	ENSG00000134982	NSCLC	A	LoF
APC	ENSG00000134982	STAD	A	LoF
APC	ENSG00000134982	BRCA	A	LoF
APC	ENSG00000134982	COREAD	A	LoF
AQR	ENSG00000021776	PRAD	C	Act
AQR	ENSG00000021776	STAD	C	Act
AQR	ENSG00000021776	LUSC	C	Act
AQR	ENSG00000021776	CM	C	Act
AQR	ENSG00000021776	BLCA	C	Act
AQR	ENSG00000021776	BRCA	C	Act
AQR	ENSG00000021776	GBM	C	Act
ARAP3	ENSG00000120318	UCEC	C	LoF
ARFGAP1	ENSG00000101199	CM	C	Ambiguous
ARFGAP1	ENSG00000101199	HNSC	C	Ambiguous
ARFGAP1	ENSG00000101199	BLCA	C	Ambiguous
ARFGAP1	ENSG00000101199	LUAD	C	Ambiguous
ARFGAP3	ENSG00000242247	PRAD	A	LoF
ARFGEF1	ENSG00000066777	STAD	C	Ambiguous
ARFGEF2	ENSG00000124198	ESCA	C	Act
ARFGEF2	ENSG00000124198	GBM	C	Act
ARFGEF2	ENSG00000124198	BRCA	C	Act
ARFGEF2	ENSG00000124198	BLCA	C	Act
ARFGEF2	ENSG00000124198	CM	C	Act
ARFGEF2	ENSG00000124198	LGG	C	Act
ARFGEF2	ENSG00000124198	LUSC	C	Act
ARFGEF2	ENSG00000124198	HNSC	C	Act
ARFGEF2	ENSG00000124198	PRAD	C	Act
ARHGAP26	ENSG00000145819	CM	B	Act
ARHGAP26	ENSG00000145819	MM	B	Act
ARHGAP26	ENSG00000145819	ESCA	B	Act
ARHGAP26	ENSG00000145819	RCCC	B	Act
ARHGAP26	ENSG00000145819	BLCA	B	Act
ARHGAP26	ENSG00000145819	LGG	B	Act
ARHGAP26	ENSG00000145819	LUAD	B	Act
ARHGAP26	ENSG00000145819	STAD	B	Act
ARHGAP26	ENSG00000145819	THCA	B	Act
ARHGAP29	ENSG00000137962	CM	C	LoF
ARHGAP35	ENSG00000160007	GBM	C	LoF
ARHGAP35	ENSG00000160007	BRCA	C	LoF
ARHGAP35	ENSG00000160007	CLL	C	LoF
ARHGAP35	ENSG00000160007	CM	C	LoF
ARHGAP35	ENSG00000160007	UCEC	C	LoF
ARHGAP35	ENSG00000160007	HC	C	LoF
ARHGAP35	ENSG00000160007	HNSC	C	LoF
ARHGAP35	ENSG00000160007	MM	C	LoF
ARHGAP35	ENSG00000160007	STAD	C	LoF
ARHGAP35	ENSG00000160007	ESCA	C	LoF
ARHGAP35	ENSG00000160007	BLCA	C	LoF
ARHGEF2	ENSG00000116584	CM	C	Act
ARHGEF6	ENSG00000129675	STAD	C	LoF
ARHGEF6	ENSG00000129675	GBM	C	LoF
ARHGEF6	ENSG00000129675	CM	C	LoF
ARHGEF6	ENSG00000129675	UCEC	C	LoF
ARHGEF6	ENSG00000129675	LGG	C	LoF
ARHGEF6	ENSG00000129675	HNSC	C	LoF
ARHGEF6	ENSG00000129675	LUSC	C	LoF
ARID1A	ENSG00000117713	BRCA	A	LoF
ARID1A	ENSG00000117713	CLL	A	LoF
ARID1A	ENSG00000117713	PAAD	A	LoF
ARID1A	ENSG00000117713	SCLC	A	LoF
ARID1A	ENSG00000117713	HC	A	LoF
ARID1A	ENSG00000117713	PRAD	A	LoF
ARID1A	ENSG00000117713	LGG	A	LoF
ARID1A	ENSG00000117713	DLBCL	A	LoF
ARID1A	ENSG00000117713	ESCA	A	LoF
ARID1A	ENSG00000117713	STAD	A	LoF
ARID1A	ENSG00000117713	UCEC	A	LoF
ARID1A	ENSG00000117713	LUAD	A	LoF
ARID1A	ENSG00000117713	COREAD	A	LoF
ARID1A	ENSG00000117713	MB	A	LoF
ARID1A	ENSG00000117713	MM	A	LoF
ARID1A	ENSG00000117713	NB	A	LoF
ARID1A	ENSG00000117713	GBM	A	LoF
ARID1A	ENSG00000117713	BLCA	A	LoF
ARID1A	ENSG00000117713	LUSC	A	LoF
ARID1A	ENSG00000117713	RCCC	A	LoF
ARID1A	ENSG00000117713	OV	A	LoF
ARID1B	ENSG00000049618	LUSC	C	LoF
ARID1B	ENSG00000049618	RCCC	C	LoF
ARID1B	ENSG00000049618	HNSC	C	LoF
ARID1B	ENSG00000049618	HC	C	LoF
ARID1B	ENSG00000049618	PRAD	C	LoF
ARID1B	ENSG00000049618	SCLC	C	LoF
ARID1B	ENSG00000049618	CM	C	LoF
ARID1B	ENSG00000049618	MB	C	LoF
ARID1B	ENSG00000049618	BLCA	C	LoF
ARID1B	ENSG00000049618	LGG	C	LoF
ARID1B	ENSG00000049618	STAD	C	LoF
ARID2	ENSG00000189079	THCA	A	LoF
ARID2	ENSG00000189079	BRCA	A	LoF
ARID2	ENSG00000189079	SCLC	A	LoF
ARID2	ENSG00000189079	MB	A	LoF
ARID2	ENSG00000189079	HC	A	LoF
ARID2	ENSG00000189079	CM	A	LoF
ARID2	ENSG00000189079	MM	A	LoF
ARID2	ENSG00000189079	GBM	A	LoF
ARID2	ENSG00000189079	RCCC	A	LoF
ARID2	ENSG00000189079	PAAD	B	LoF
ARID2	ENSG00000189079	ESCA	A	LoF
ARID2	ENSG00000189079	LGG	A	LoF
ARID2	ENSG00000189079	HNSC	A	LoF
ARID4A	ENSG00000032219	STAD	C	Ambiguous
ARID4B	ENSG00000054267	BRCA	C	LoF
ARID5B	ENSG00000150347	UCEC	A	LoF
ARNTL	ENSG00000133794	BRCA	C	LoF
ARNTL	ENSG00000133794	COREAD	C	LoF
ARNTL	ENSG00000133794	ESCA	C	LoF
ARNTL	ENSG00000133794	UCEC	C	LoF
ARNTL	ENSG00000133794	LUSC	C	LoF
ASH1L	ENSG00000116539	BRCA	C	Act
ASH1L	ENSG00000116539	RCCC	C	Act
ASH1L	ENSG00000116539	HC	C	Act
ASH1L	ENSG00000116539	STAD	C	Act
ASH1L	ENSG00000116539	MM	C	Act
ASH1L	ENSG00000116539	SCLC	C	Act
ASH1L	ENSG00000116539	OV	C	Act
ASPM	ENSG00000066279	ESCA	C	Act
ASPM	ENSG00000066279	MM	C	Act
ASPM	ENSG00000066279	COREAD	C	Act
ASPM	ENSG00000066279	CM	C	Act
ASPM	ENSG00000066279	BRCA	C	Act
ASPM	ENSG00000066279	SCLC	C	Act
ASPM	ENSG00000066279	OV	C	Act
ASXL1	ENSG00000171456	CLL	B	LoF
ASXL1	ENSG00000171456	AML	B	LoF
ATF1	ENSG00000123268	RCCC	B	Act
ATF1	ENSG00000123268	BRCA	B	Act
ATF1	ENSG00000123268	CM	B	Act
ATF1	ENSG00000123268	OV	B	Act
ATF1	ENSG00000123268	UCEC	B	Act
ATF2	ENSG00000115966	PAAD	C	Ambiguous
ATIC	ENSG00000138363	STAD	B	Act
ATIC	ENSG00000138363	UCEC	B	Act
ATIC	ENSG00000138363	CM	B	Act
ATIC	ENSG00000138363	HNSC	B	Act
ATIC	ENSG00000138363	PRAD	B	Act
ATIC	ENSG00000138363	LUAD	B	Act
ATIC	ENSG00000138363	BRCA	B	Act
ATIC	ENSG00000138363	OV	B	Act
ATM	ENSG00000149311	PAAD	B	LoF
ATM	ENSG00000149311	NB	A	LoF
ATM	ENSG00000149311	RCCC	A	LoF
ATM	ENSG00000149311	BRCA	A	LoF
ATM	ENSG00000149311	ESCA	A	LoF
ATM	ENSG00000149311	CLL	A	LoF
ATM	ENSG00000149311	HNSC	A	LoF
ATM	ENSG00000149311	PRAD	A	LoF
ATM	ENSG00000149311	COREAD	A	LoF
ATM	ENSG00000149311	UCEC	A	LoF
ATP6AP2	ENSG00000182220	STAD	C	LoF
ATP6AP2	ENSG00000182220	HNSC	C	LoF
ATP6AP2	ENSG00000182220	CM	C	LoF
ATP6AP2	ENSG00000182220	LUAD	C	LoF
ATR	ENSG00000175054	OV	C	LoF
ATR	ENSG00000175054	BLCA	C	LoF
ATR	ENSG00000175054	HNSC	C	LoF
ATR	ENSG00000175054	UCEC	C	LoF
ATR	ENSG00000175054	BRCA	C	LoF
ATR	ENSG00000175054	SCLC	C	LoF
ATR	ENSG00000175054	ESCA	C	LoF
ATR	ENSG00000175054	STAD	C	LoF
ATRX	ENSG00000268946	COREAD	A	LoF
ATRX	ENSG00000085224	HNSC	A	LoF
ATRX	ENSG00000268946	LGG	A	LoF
ATRX	ENSG00000085224	HC	A	LoF
ATRX	ENSG00000268946	PRAD	A	LoF
ATRX	ENSG00000268946	HNSC	A	LoF
ATRX	ENSG00000085224	LGG	A	LoF
ATRX	ENSG00000268946	HC	A	LoF
ATRX	ENSG00000085224	PRAD	A	LoF
ATRX	ENSG00000085224	COREAD	A	LoF
ATRX	ENSG00000268946	CLL	A	LoF
ATRX	ENSG00000085224	SCLC	A	LoF
ATRX	ENSG00000268946	NB	A	LoF
ATRX	ENSG00000268946	SCLC	A	LoF
ATRX	ENSG00000085224	CM	A	LoF
ATRX	ENSG00000085224	NB	A	LoF
ATRX	ENSG00000085224	OV	A	LoF
ATRX	ENSG00000085224	GBM	A	LoF
ATRX	ENSG00000268946	OV	A	LoF
ATRX	ENSG00000268946	GBM	A	LoF
ATRX	ENSG00000268946	ESCA	A	LoF
ATRX	ENSG00000085224	CLL	A	LoF
ATRX	ENSG00000085224	ESCA	A	LoF
ATRX	ENSG00000268946	STAD	A	LoF
ATRX	ENSG00000085224	STAD	A	LoF
ATRX	ENSG00000268946	CM	A	LoF
AXIN1	ENSG00000103126	UCEC	C	LoF
AXIN2	ENSG00000168646	COREAD	C	LoF
B2M	ENSG00000166710	CM	A	LoF
B2M	ENSG00000166710	LUSC	A	LoF
B2M	ENSG00000166710	MM	A	LoF
B2M	ENSG00000166710	HNSC	A	LoF
BAP1	ENSG00000163930	ESCA	A	LoF
BAP1	ENSG00000163930	GBM	A	LoF
BAP1	ENSG00000163930	STAD	A	LoF
BAP1	ENSG00000163930	LUAD	A	LoF
BAP1	ENSG00000163930	CM	A	LoF
BAP1	ENSG00000163930	BRCA	A	LoF
BAP1	ENSG00000163930	RCCC	A	LoF
BAP1	ENSG00000163930	HNSC	A	LoF
BAP1	ENSG00000163930	OV	A	LoF
BAP1	ENSG00000163930	BLCA	A	LoF
BAZ2B	ENSG00000123636	SCLC	C	Act
BAZ2B	ENSG00000123636	LUAD	C	Act
BAZ2B	ENSG00000123636	UCEC	C	Act
BAZ2B	ENSG00000123636	HNSC	C	Act
BAZ2B	ENSG00000123636	CM	C	Act
BAZ2B	ENSG00000123636	OV	C	Act
BCL11A	ENSG00000119866	HNSC	B	Act
BCLAF1	ENSG00000029363	SCLC	C	Act
BCLAF1	ENSG00000029363	RCCC	C	Act
BCLAF1	ENSG00000029363	MB	C	Act
BCLAF1	ENSG00000029363	ESCA	C	Act
BCLAF1	ENSG00000029363	CM	C	Act
BCLAF1	ENSG00000029363	BLCA	C	Act
BCLAF1	ENSG00000029363	MM	C	Act
BCLAF1	ENSG00000029363	UCEC	C	Act
BCLAF1	ENSG00000029363	PRAD	C	Act
BCOR	ENSG00000183337	COREAD	B	LoF
BCOR	ENSG00000183337	CLL	B	LoF
BCOR	ENSG00000183337	PRAD	B	LoF
BCOR	ENSG00000183337	RCCC	B	LoF
BCOR	ENSG00000183337	AML	B	LoF
BCOR	ENSG00000183337	BRCA	B	LoF
BCOR	ENSG00000183337	STAD	B	LoF
BCOR	ENSG00000183337	MB	B	LoF
BCOR	ENSG00000183337	BLCA	B	LoF
BLM	ENSG00000197299	CLL	B	LoF
BLM	ENSG00000197299	MM	B	LoF
BLM	ENSG00000197299	ESCA	B	LoF
BLM	ENSG00000197299	LUSC	B	LoF
BLM	ENSG00000197299	CM	B	LoF
BLM	ENSG00000197299	LUAD	B	LoF
BLM	ENSG00000197299	BLCA	B	LoF
BLM	ENSG00000197299	HC	B	LoF
BMPR2	ENSG00000204217	SCLC	C	LoF
BMPR2	ENSG00000204217	COREAD	C	LoF
BMPR2	ENSG00000204217	OV	C	LoF
BMPR2	ENSG00000204217	HNSC	C	LoF
BMPR2	ENSG00000204217	BRCA	C	LoF
BMPR2	ENSG00000204217	RCCC	C	LoF
BMPR2	ENSG00000204217	BLCA	C	LoF
BMPR2	ENSG00000204217	UCEC	C	LoF
BMPR2	ENSG00000204217	CM	C	LoF
BMPR2	ENSG00000204217	LUAD	C	LoF
BPTF	ENSG00000262858	STAD	C	Act
BPTF	ENSG00000262858	ESCA	C	Act
BPTF	ENSG00000262858	CM	C	Act
BPTF	ENSG00000262858	HNSC	C	Act
BPTF	ENSG00000171634	HNSC	C	Act
BPTF	ENSG00000171634	MM	C	Act
BPTF	ENSG00000171634	ESCA	C	Act
BPTF	ENSG00000171634	CM	C	Act
BPTF	ENSG00000262858	BRCA	C	Act
BPTF	ENSG00000262858	PRAD	C	Act
BPTF	ENSG00000171634	STAD	C	Act
BPTF	ENSG00000262858	THCA	C	Act
BPTF	ENSG00000171634	GBM	C	Act
BPTF	ENSG00000262858	COREAD	C	Act
BPTF	ENSG00000262858	GBM	C	Act
BPTF	ENSG00000262858	MM	C	Act
BPTF	ENSG00000171634	HC	C	Act
BPTF	ENSG00000171634	PRAD	C	Act
BPTF	ENSG00000262858	HC	C	Act
BPTF	ENSG00000171634	COREAD	C	Act
BPTF	ENSG00000171634	THCA	C	Act
BPTF	ENSG00000171634	BRCA	C	Act
BRAF	ENSG00000157764	PRAD	A	Act
BRAF	ENSG00000157764	COREAD	A	Act
BRAF	ENSG00000157764	GBM	A	Act
BRAF	ENSG00000157764	STAD	A	Act
BRAF	ENSG00000157764	CM	A	Act
BRAF	ENSG00000157764	HNSC	A	Act
BRAF	ENSG00000157764	CLL	A	Act
BRAF	ENSG00000157764	LUAD	A	Act
BRAF	ENSG00000157764	BRCA	A	Act
BRAF	ENSG00000157764	OV	A	Act
BRAF	ENSG00000157764	PAAD	B	Act
BRAF	ENSG00000157764	MM	A	Act
BRAF	ENSG00000157764	UCEC	A	Act
BRAF	ENSG00000157764	BLCA	A	Act
BRAF	ENSG00000157764	THCA	A	Act
BRCA1	ENSG00000012048	UCEC	B	LoF
BRCA1	ENSG00000012048	CM	B	LoF
BRCA1	ENSG00000012048	MM	B	LoF
BRCA1	ENSG00000012048	OV	B	LoF
BRCA1	ENSG00000012048	GBM	B	LoF
BRCA1	ENSG00000012048	HNSC	B	LoF
BRCA1	ENSG00000012048	STAD	B	LoF
BRCA1	ENSG00000012048	BLCA	B	LoF
BRCA1	ENSG00000012048	BRCA	B	LoF
BRCA2	ENSG00000139618	BRCA	B	LoF
BRCA2	ENSG00000139618	OV	B	LoF
BRWD1	ENSG00000185658	SCLC	C	Act
BRWD1	ENSG00000185658	HNSC	C	Act
BRWD1	ENSG00000185658	LUAD	C	Act
BRWD1	ENSG00000185658	MM	C	Act
BRWD1	ENSG00000185658	CM	C	Act
BRWD1	ENSG00000185658	PRAD	C	Act
BRWD1	ENSG00000185658	COREAD	C	Act
C15orf55	ENSG00000184507	CM	B	Act
CAD	ENSG00000084774	COREAD	C	Act
CAD	ENSG00000084774	GBM	C	Act
CAD	ENSG00000084774	BLCA	C	Act
CAD	ENSG00000084774	LGG	C	Act
CAD	ENSG00000084774	STAD	C	Act
CAD	ENSG00000084774	RCCC	C	Act
CAD	ENSG00000084774	HNSC	C	Act
CAD	ENSG00000084774	BRCA	C	Act
CAPN7	ENSG00000131375	UCEC	C	Ambiguous
CAPN7	ENSG00000131375	ESCA	C	Ambiguous
CAPN7	ENSG00000131375	STAD	C	Ambiguous
CAPN7	ENSG00000131375	LUAD	C	Ambiguous
CARM1	ENSG00000142453	UCEC	C	Act
CARM1	ENSG00000142453	BLCA	C	Act
CARM1	ENSG00000142453	GBM	C	Act
CARM1	ENSG00000142453	HNSC	C	Act
CARM1	ENSG00000142453	BRCA	C	Act
CARM1	ENSG00000142453	CLL	C	Act
CARM1	ENSG00000142453	LUAD	C	Act
CASP1	ENSG00000137752	OV	C	LoF
CASP1	ENSG00000137752	CLL	C	LoF
CASP1	ENSG00000137752	PRAD	C	LoF
CASP1	ENSG00000137752	HNSC	C	LoF
CASP1	ENSG00000137752	GBM	C	LoF
CASP1	ENSG00000137752	CM	C	LoF
CASP8	ENSG00000064012	BRCA	A	LoF
CASP8	ENSG00000064012	LUSC	A	LoF
CASP8	ENSG00000064012	CM	A	LoF
CASP8	ENSG00000064012	HNSC	A	LoF
CASP8	ENSG00000064012	PRAD	A	LoF
CASP8	ENSG00000064012	COREAD	A	LoF
CASP8	ENSG00000064012	STAD	A	LoF
CASP8	ENSG00000064012	MM	A	LoF
CASP8	ENSG00000064012	LUAD	A	LoF
CASP8	ENSG00000064012	BLCA	A	LoF
CAT	ENSG00000121691	BLCA	C	Act
CAT	ENSG00000121691	HNSC	C	Act
CAT	ENSG00000121691	CM	C	Act
CAT	ENSG00000121691	PRAD	C	Act
CAT	ENSG00000121691	LUAD	C	Act
CAT	ENSG00000121691	RCCC	C	Act
CAT	ENSG00000121691	STAD	C	Act
CAT	ENSG00000121691	UCEC	C	Act
CBFB	ENSG00000067955	CM	B	Act
CBFB	ENSG00000067955	AML	B	Act
CBFB	ENSG00000067955	BRCA	A	Act
CCAR1	ENSG00000060339	STAD	C	LoF
CCAR1	ENSG00000060339	OV	C	LoF
CCAR1	ENSG00000060339	BRCA	C	LoF
CCAR1	ENSG00000060339	MB	C	LoF
CCAR1	ENSG00000060339	HNSC	C	LoF
CCAR1	ENSG00000060339	CM	C	LoF
CCAR1	ENSG00000060339	LUAD	C	LoF
CCAR1	ENSG00000060339	BLCA	C	LoF
CCAR1	ENSG00000060339	LUSC	C	LoF
CCAR1	ENSG00000060339	RCCC	C	LoF
CCND1	ENSG00000110092	UCEC	A	Act
CCT5	ENSG00000150753	LUAD	C	Act
CCT5	ENSG00000150753	OV	C	Act
CCT5	ENSG00000150753	HNSC	C	Act
CCT5	ENSG00000150753	SCLC	C	Act
CCT5	ENSG00000150753	CM	C	Act
CCT5	ENSG00000150753	STAD	C	Act
CCT5	ENSG00000150753	BLCA	C	Act
CCT5	ENSG00000150753	BRCA	C	Act
CD36	ENSG00000135218	CLL	C	Ambiguous
CDC27	ENSG00000004897	PRAD	C	LoF
CDC73	ENSG00000134371	RCCC	B	LoF
CDC73	ENSG00000134371	MM	B	LoF
CDC73	ENSG00000134371	STAD	B	LoF
CDC73	ENSG00000134371	LUSC	B	LoF
CDC73	ENSG00000134371	COREAD	B	LoF
CDC73	ENSG00000134371	CM	B	LoF
CDH1	ENSG00000039068	STAD	A	LoF
CDH1	ENSG00000039068	LUSC	A	LoF
CDH1	ENSG00000039068	LUAD	A	LoF
CDH1	ENSG00000039068	HNSC	A	LoF
CDH1	ENSG00000039068	CM	A	LoF
CDH1	ENSG00000039068	MM	A	LoF
CDH1	ENSG00000039068	BRCA	A	LoF
CDH1	ENSG00000039068	BLCA	A	LoF
CDH1	ENSG00000039068	RCCC	A	LoF
CDH1	ENSG00000039068	PRAD	A	LoF
CDH1	ENSG00000039068	ESCA	A	LoF
CDK12	ENSG00000167258	OV	B	LoF
CDK12	ENSG00000167258	HNSC	B	LoF
CDK12	ENSG00000167258	LUAD	B	LoF
CDK12	ENSG00000167258	LGG	B	LoF
CDK12	ENSG00000167258	MM	B	LoF
CDK12	ENSG00000167258	COREAD	B	LoF
CDK12	ENSG00000167258	THCA	B	LoF
CDK12	ENSG00000167258	SCLC	B	LoF
CDK12	ENSG00000167258	BLCA	B	LoF
CDK12	ENSG00000167258	BRCA	B	LoF
CDK4	ENSG00000135446	CM	B	Act
CDKN1A	ENSG00000124762	LUSC	A	LoF
CDKN1A	ENSG00000124762	BLCA	A	LoF
CDKN1A	ENSG00000124762	CM	A	LoF
CDKN1B	ENSG00000111276	PRAD	A	LoF
CDKN1B	ENSG00000111276	HNSC	A	LoF
CDKN1B	ENSG00000111276	BRCA	A	LoF
CDKN1B	ENSG00000111276	COREAD	A	LoF
CDKN1B	ENSG00000111276	BLCA	A	LoF
CDKN1B	ENSG00000111276	LUAD	A	LoF
CDKN1B	ENSG00000111276	UCEC	A	LoF
CDKN1B	ENSG00000111276	MM	A	LoF
CDKN1B	ENSG00000111276	ESCA	A	LoF
CDKN2A	ENSG00000147889	ESCA	A	LoF
CDKN2A	ENSG00000147889	BLCA	A	LoF
CDKN2A	ENSG00000147889	LUSC	A	LoF
CDKN2A	ENSG00000147889	LUAD	A	LoF
CDKN2A	ENSG00000147889	PAAD	B	LoF
CDKN2A	ENSG00000147889	STAD	A	LoF
CDKN2A	ENSG00000147889	HNSC	A	LoF
CDKN2A	ENSG00000147889	CM	A	LoF
CEBPA	ENSG00000245848	AML	A	ambiguous
CEP290	ENSG00000198707	ESCA	C	LoF
CEP290	ENSG00000198707	STAD	C	LoF
CEP290	ENSG00000198707	CM	C	LoF
CEP290	ENSG00000198707	BLCA	C	LoF
CEP290	ENSG00000198707	BRCA	C	LoF
CEP290	ENSG00000198707	COREAD	C	LoF
CEP290	ENSG00000198707	HNSC	C	LoF
CEP290	ENSG00000198707	MM	C	LoF
CEP290	ENSG00000198707	NB	C	LoF
CEP290	ENSG00000198707	HC	C	LoF
CEP290	ENSG00000198707	PRAD	C	LoF
CHD1L	ENSG00000264980	PRAD	C	Ambiguous
CHD1L	ENSG00000131778	CM	C	Ambiguous
CHD1L	ENSG00000131778	STAD	C	Ambiguous
CHD1L	ENSG00000264980	STAD	C	Ambiguous
CHD1L	ENSG00000264980	CM	C	Ambiguous
CHD1L	ENSG00000264980	LUAD	C	Ambiguous
CHD1L	ENSG00000131778	PRAD	C	Ambiguous
CHD1L	ENSG00000131778	SCLC	C	Ambiguous
CHD1L	ENSG00000264980	OV	C	Ambiguous
CHD1L	ENSG00000131778	OV	C	Ambiguous
CHD1L	ENSG00000264980	LUSC	C	Ambiguous
CHD1L	ENSG00000131778	LUSC	C	Ambiguous
CHD1L	ENSG00000131778	LUAD	C	Ambiguous
CHD1L	ENSG00000264980	SCLC	C	Ambiguous
CHD2	ENSG00000173575	CM	C	LoF
CHD2	ENSG00000173575	LUSC	B	LoF
CHD2	ENSG00000173575	BRCA	A	LoF
CHD2	ENSG00000173575	CLL	A	LoF
CHD2	ENSG00000173575	THCA	A	LoF
CHD2	ENSG00000173575	RCCC	C	LoF
CHD2	ENSG00000173575	PRAD	A	LoF
CHD2	ENSG00000173575	LUAD	A	LoF
CHD3	ENSG00000170004	LUSC	C	LoF
CHD3	ENSG00000170004	PRAD	C	LoF
CHD3	ENSG00000170004	BLCA	C	LoF
CHD3	ENSG00000170004	THCA	C	LoF
CHD3	ENSG00000170004	CM	C	LoF
CHD3	ENSG00000170004	UCEC	C	LoF
CHD3	ENSG00000170004	STAD	C	LoF
CHD4	ENSG00000111642	OV	A	Act
CHD4	ENSG00000111642	DLBCL	A	Act
CHD4	ENSG00000111642	BRCA	A	Act
CHD4	ENSG00000111642	ESCA	A	Act
CHD4	ENSG00000111642	COREAD	A	Act
CHD4	ENSG00000111642	PRAD	A	Act
CHD4	ENSG00000111642	AML	A	Act
CHD4	ENSG00000111642	UCEC	A	Act
CHD6	ENSG00000124177	CM	C	Act
CHD8	ENSG00000100888	GBM	C	LoF
CHD9	ENSG00000177200	BLCA	C	Act
CHD9	ENSG00000177200	MM	C	Act
CHD9	ENSG00000177200	PRAD	C	Act
CHD9	ENSG00000177200	COREAD	C	Act
CHD9	ENSG00000177200	UCEC	C	Act
CHD9	ENSG00000177200	CM	C	Act
CHD9	ENSG00000177200	BRCA	C	Act
CHD9	ENSG00000177200	HNSC	C	Act
CHEK2	ENSG00000183765	CM	B	LoF
CHEK2	ENSG00000183765	LUSC	B	LoF
CHEK2	ENSG00000183765	SCLC	B	LoF
CHEK2	ENSG00000183765	STAD	B	LoF
CHEK2	ENSG00000183765	LGG	B	LoF
CHEK2	ENSG00000183765	PAAD	B	LoF
CHEK2	ENSG00000183765	LUAD	B	LoF
CHEK2	ENSG00000183765	RCCC	B	LoF
CHEK2	ENSG00000183765	BRCA	B	LoF
CHEK2	ENSG00000183765	BLCA	B	LoF
CHEK2	ENSG00000183765	UCEC	B	LoF
CHEK2	ENSG00000183765	PRAD	B	LoF
CIC	ENSG00000079432	LUSC	A	LoF
CIC	ENSG00000079432	LGG	A	LoF
CIC	ENSG00000079432	CM	A	LoF
CIC	ENSG00000079432	BLCA	A	LoF
CIC	ENSG00000079432	ESCA	A	LoF
CIC	ENSG00000079432	BRCA	A	LoF
CIC	ENSG00000079432	LUAD	A	LoF
CIITA	ENSG00000179583	HNSC	B	Act
CLASP2	ENSG00000163539	CM	C	LoF
CLASP2	ENSG00000163539	LUSC	C	LoF
CLASP2	ENSG00000163539	HNSC	C	LoF
CLASP2	ENSG00000163539	BLCA	C	LoF
CLASP2	ENSG00000163539	LUAD	C	LoF
CLASP2	ENSG00000163539	STAD	C	LoF
CLASP2	ENSG00000163539	CLL	C	LoF
CLASP2	ENSG00000163539	OV	C	LoF
CLASP2	ENSG00000163539	BRCA	C	LoF
CLCC1	ENSG00000121940	CM	A	Act
CLOCK	ENSG00000134852	CM	C	LoF
CLOCK	ENSG00000134852	LUSC	C	LoF
CLOCK	ENSG00000134852	UCEC	C	LoF
CLOCK	ENSG00000134852	GBM	C	LoF
CLOCK	ENSG00000134852	STAD	C	LoF
CLSPN	ENSG00000092853	LUAD	C	LoF
CLSPN	ENSG00000092853	BRCA	C	LoF
CLSPN	ENSG00000092853	BLCA	C	LoF
CLSPN	ENSG00000092853	SCLC	C	LoF
CLSPN	ENSG00000092853	COREAD	C	LoF
CLSPN	ENSG00000092853	OV	C	LoF
CLSPN	ENSG00000092853	CLL	C	LoF
CLSPN	ENSG00000092853	HNSC	C	LoF
CLSPN	ENSG00000092853	CM	C	LoF
CLTC	ENSG00000141367	RCCC	B	Act
CLTC	ENSG00000141367	GBM	B	Act
CLTC	ENSG00000141367	CM	B	Act
CLTC	ENSG00000141367	ESCA	B	Act
CLTC	ENSG00000141367	MM	B	Act
CLTC	ENSG00000141367	BLCA	B	Act
CLTC	ENSG00000141367	UCEC	B	Act
CLTC	ENSG00000141367	BRCA	B	Act
CLTC	ENSG00000141367	STAD	B	Act
CNOT1	ENSG00000125107	STAD	C	LoF
CNOT1	ENSG00000125107	ALL	C	LoF
CNOT1	ENSG00000125107	PRAD	C	LoF
CNOT1	ENSG00000125107	BLCA	C	LoF
CNOT1	ENSG00000125107	HC	C	LoF
CNOT1	ENSG00000125107	ESCA	C	LoF
CNOT1	ENSG00000125107	GBM	C	LoF
CNOT1	ENSG00000125107	MM	C	LoF
CNOT1	ENSG00000125107	COREAD	C	LoF
CNOT3	ENSG00000268909	BRCA	C	Act
CNOT3	ENSG00000262369	BRCA	C	Act
CNOT3	ENSG00000088038	LUSC	C	Act
CNOT3	ENSG00000268909	LUSC	C	Act
CNOT3	ENSG00000088038	ALL	C	Act
CNOT3	ENSG00000268909	ALL	C	Act
CNOT3	ENSG00000269595	ALL	C	Act
CNOT3	ENSG00000268909	PRAD	C	Act
CNOT3	ENSG00000088038	PRAD	C	Act
CNOT3	ENSG00000269595	LUSC	C	Act
CNOT3	ENSG00000268321	ALL	C	Act
CNOT3	ENSG00000269272	ALL	C	Act
CNOT3	ENSG00000269073	ALL	C	Act
CNOT3	ENSG00000262369	ALL	C	Act
CNOT3	ENSG00000268285	ALL	C	Act
CNOT3	ENSG00000268321	LUSC	C	Act
CNOT3	ENSG00000269073	BRCA	C	Act
CNOT3	ENSG00000269272	BRCA	C	Act
CNOT3	ENSG00000268285	BRCA	C	Act
CNOT3	ENSG00000268321	BRCA	C	Act
CNOT3	ENSG00000268285	LUSC	C	Act
CNOT3	ENSG00000262369	LUSC	C	Act
CNOT3	ENSG00000269073	LUSC	C	Act
CNOT3	ENSG00000269272	LUSC	C	Act
CNOT3	ENSG00000269595	BRCA	C	Act
CNOT3	ENSG00000088038	BRCA	C	Act
CNOT3	ENSG00000088038	CM	C	Act
CNOT3	ENSG00000269073	ESCA	C	Act
CNOT3	ENSG00000268285	PRAD	C	Act
CNOT3	ENSG00000268285	LUAD	C	Act
CNOT3	ENSG00000269595	ESCA	C	Act
CNOT3	ENSG00000268909	LUAD	C	Act
CNOT3	ENSG00000088038	LUAD	C	Act
CNOT3	ENSG00000268285	RCCC	C	Act
CNOT3	ENSG00000262369	RCCC	C	Act
CNOT3	ENSG00000269073	RCCC	C	Act
CNOT3	ENSG00000262369	PRAD	C	Act
CNOT3	ENSG00000269272	RCCC	C	Act
CNOT3	ENSG00000088038	RCCC	C	Act
CNOT3	ENSG00000268285	ESCA	C	Act
CNOT3	ENSG00000262369	ESCA	C	Act
CNOT3	ENSG00000268909	RCCC	C	Act
CNOT3	ENSG00000269595	RCCC	C	Act
CNOT3	ENSG00000088038	ESCA	C	Act
CNOT3	ENSG00000269272	ESCA	C	Act
CNOT3	ENSG00000268321	ESCA	C	Act
CNOT3	ENSG00000268321	RCCC	C	Act
CNOT3	ENSG00000269073	PRAD	C	Act
CNOT3	ENSG00000269595	LUAD	C	Act
CNOT3	ENSG00000262369	CM	C	Act
CNOT3	ENSG00000268909	CM	C	Act
CNOT3	ENSG00000269595	CM	C	Act
CNOT3	ENSG00000268321	CM	C	Act
CNOT3	ENSG00000269272	CM	C	Act
CNOT3	ENSG00000269073	CM	C	Act
CNOT3	ENSG00000269073	LUAD	C	Act
CNOT3	ENSG00000262369	LUAD	C	Act
CNOT3	ENSG00000269272	LUAD	C	Act
CNOT3	ENSG00000269272	PRAD	C	Act
CNOT3	ENSG00000268285	CM	C	Act
CNOT3	ENSG00000268909	ESCA	C	Act
CNOT3	ENSG00000268321	PRAD	C	Act
CNOT3	ENSG00000269595	PRAD	C	Act
CNOT3	ENSG00000268321	LUAD	C	Act
CNOT4	ENSG00000080802	HNSC	A	Ambiguous
CNOT4	ENSG00000080802	STAD	A	Ambiguous
CNOT4	ENSG00000080802	RCCC	A	Ambiguous
CNOT4	ENSG00000080802	LUSC	A	Ambiguous
CNOT4	ENSG00000080802	LUAD	A	Ambiguous
CNOT4	ENSG00000080802	UCEC	A	Ambiguous
CNTNAP1	ENSG00000108797	PRAD	C	Ambiguous
COL1A1	ENSG00000108821	HNSC	B	Act
COL1A1	ENSG00000108821	STAD	B	Act
COL1A1	ENSG00000108821	MM	B	Act
COL1A1	ENSG00000108821	CM	B	Act
COL1A1	ENSG00000108821	NB	B	Act
COL1A1	ENSG00000108821	LUAD	B	Act
COPS2	ENSG00000166200	BLCA	C	LoF
COPS2	ENSG00000166200	LUAD	C	LoF
COPS2	ENSG00000166200	CM	C	LoF
COPS2	ENSG00000166200	LUSC	C	LoF
COPS2	ENSG00000166200	STAD	C	LoF
COPS2	ENSG00000166200	RCCC	C	LoF
CR1	ENSG00000203710	PAAD	A	Ambiguous
CREBBP	ENSG00000005339	DLBCL	A	LoF
CREBBP	ENSG00000005339	CLL	B	LoF
CREBBP	ENSG00000005339	MB	B	LoF
CREBBP	ENSG00000005339	ESCA	B	LoF
CREBBP	ENSG00000005339	SCLC	B	LoF
CREBBP	ENSG00000005339	COREAD	B	LoF
CREBBP	ENSG00000005339	LUAD	B	LoF
CREBBP	ENSG00000005339	NB	B	LoF
CRNKL1	ENSG00000101343	LUAD	C	Act
CRTC3	ENSG00000140577	CM	B	Act
CSDA	ENSG00000060138	CM	C	Act
CSDA	ENSG00000060138	RCCC	C	Act
CSDA	ENSG00000060138	STAD	C	Act
CSDA	ENSG00000060138	LUSC	C	Act
CSDE1	ENSG00000009307	LUSC	C	LoF
CSDE1	ENSG00000009307	OV	C	LoF
CSDE1	ENSG00000009307	BLCA	C	LoF
CSDE1	ENSG00000009307	STAD	C	LoF
CSDE1	ENSG00000009307	BRCA	C	LoF
CSDE1	ENSG00000009307	GBM	C	LoF
CSNK1G3	ENSG00000151292	ESCA	C	LoF
CSNK1G3	ENSG00000151292	STAD	C	LoF
CSNK1G3	ENSG00000151292	CM	C	LoF
CSNK1G3	ENSG00000151292	BRCA	C	LoF
CSNK1G3	ENSG00000151292	LUAD	C	LoF
CSNK1G3	ENSG00000151292	UCEC	C	LoF
CSNK2A1	ENSG00000101266	HNSC	A	LoF
CTCF	ENSG00000102974	UCEC	A	LoF
CTCF	ENSG00000102974	CM	A	LoF
CTCF	ENSG00000102974	HNSC	A	LoF
CTCF	ENSG00000102974	BLCA	A	LoF
CTCF	ENSG00000102974	COREAD	A	LoF
CTCF	ENSG00000102974	RCCC	A	LoF
CTCF	ENSG00000102974	BRCA	A	LoF
CTCF	ENSG00000102974	LUAD	A	LoF
CTNNB1	ENSG00000168036	LUSC	A	Act
CTNNB1	ENSG00000168036	CM	A	Act
CTNNB1	ENSG00000168036	HC	A	Act
CTNNB1	ENSG00000168036	OV	A	Act
CTNNB1	ENSG00000168036	MB	A	Act
CTNNB1	ENSG00000168036	PAAD	B	Act
CTNNB1	ENSG00000168036	LUAD	A	Act
CTNNB1	ENSG00000168036	PRAD	A	Act
CTNNB1	ENSG00000168036	HNSC	A	Act
CTNNB1	ENSG00000168036	UCEC	A	Act
CTNNB1	ENSG00000168036	STAD	A	Act
CTNNB1	ENSG00000168036	THCA	A	Act
CTNNB1	ENSG00000168036	BLCA	A	Act
CTNNB1	ENSG00000168036	COREAD	A	Act
CTNNB1	ENSG00000168036	ESCA	A	Act
CTNND1	ENSG00000198561	UCEC	C	LoF
CTTN	ENSG00000085733	LUSC	C	Act
CUL1	ENSG00000055130	HNSC	C	LoF
CUL1	ENSG00000055130	BRCA	C	LoF
CUL1	ENSG00000055130	LUSC	C	LoF
CUL1	ENSG00000055130	GBM	C	LoF
CUL1	ENSG00000055130	UCEC	C	LoF
CUL1	ENSG00000055130	STAD	C	LoF
CUL1	ENSG00000055130	RCCC	C	LoF
CUL1	ENSG00000055130	COREAD	C	LoF
CUL1	ENSG00000055130	CM	C	LoF
CUL1	ENSG00000055130	AML	C	LoF
CUL2	ENSG00000108094	STAD	C	LoF
CUL2	ENSG00000108094	BLCA	C	LoF
CUL2	ENSG00000108094	OV	C	LoF
CUL2	ENSG00000108094	LUAD	C	LoF
CUL2	ENSG00000108094	PRAD	C	LoF
CUL2	ENSG00000108094	CM	C	LoF
CUL3	ENSG00000036257	LUAD	C	LoF
CUL3	ENSG00000036257	STAD	C	LoF
CUL3	ENSG00000036257	CM	C	LoF
CUL3	ENSG00000036257	ESCA	C	LoF
CUL3	ENSG00000036257	HNSC	C	LoF
CUL3	ENSG00000036257	PRAD	C	LoF
CUX1	ENSG00000257923	PRAD	C	Ambiguous
CUX1	ENSG00000259938	PRAD	C	Ambiguous
CUX1	ENSG00000257923	UCEC	C	Ambiguous
CUX1	ENSG00000259938	UCEC	C	Ambiguous
CYLD	ENSG00000083799	CM	B	LoF
CYLD	ENSG00000083799	MM	B	LoF
CYLD	ENSG00000083799	HNSC	B	LoF
CYLD	ENSG00000083799	LUAD	B	LoF
CYLD	ENSG00000083799	STAD	B	LoF
CYTH4	ENSG00000100055	CM	C	Ambiguous
DDR2	ENSG00000162733	PAAD	B	Act
DDX3X	ENSG00000215301	RCCC	C	LoF
DDX3X	ENSG00000215301	MB	C	LoF
DDX3X	ENSG00000215301	HNSC	C	LoF
DDX3X	ENSG00000215301	LUAD	C	LoF
DDX3X	ENSG00000215301	BLCA	C	LoF
DDX3X	ENSG00000215301	LGG	C	LoF
DDX3X	ENSG00000215301	LUSC	C	LoF
DDX3X	ENSG00000215301	BRCA	C	LoF
DDX3X	ENSG00000215301	CLL	C	LoF
DDX3X	ENSG00000215301	CM	C	LoF
DDX3X	ENSG00000215301	MM	C	LoF
DDX5	ENSG00000108654	RCCC	A	Act
DDX5	ENSG00000108654	LUAD	A	Act
DDX5	ENSG00000108654	OV	A	Act
DDX5	ENSG00000263077	LUAD	A	Act
DDX5	ENSG00000108654	STAD	A	Act
DDX5	ENSG00000108654	BRCA	A	Act
DDX5	ENSG00000263077	BRCA	A	Act
DDX5	ENSG00000263077	RCCC	A	Act
DDX5	ENSG00000263077	OV	A	Act
DDX5	ENSG00000108654	CM	A	Act
DDX5	ENSG00000108654	ESCA	A	Act
DDX5	ENSG00000263077	CM	A	Act
DDX5	ENSG00000263077	ESCA	A	Act
DDX5	ENSG00000263077	STAD	A	Act
DDX5	ENSG00000263077	BLCA	A	Act
DDX5	ENSG00000108654	BLCA	A	Act
DEPDC1B	ENSG00000035499	UCEC	C	LoF
DHX15	ENSG00000109606	CM	C	LoF
DHX15	ENSG00000109606	LUAD	C	LoF
DHX15	ENSG00000109606	LUSC	C	LoF
DHX15	ENSG00000109606	RCCC	C	LoF
DHX15	ENSG00000109606	UCEC	C	LoF
DHX15	ENSG00000109606	BRCA	C	LoF
DHX15	ENSG00000109606	MM	C	LoF
DHX15	ENSG00000109606	STAD	C	LoF
DHX35	ENSG00000101452	UCEC	C	Act
DHX9	ENSG00000135829	LUSC	C	Act
DICER1	ENSG00000100697	UCEC	B	LoF
DICER1	ENSG00000100697	SCLC	B	LoF
DICER1	ENSG00000100697	HNSC	B	LoF
DICER1	ENSG00000100697	THCA	B	LoF
DICER1	ENSG00000100697	CM	B	LoF
DICER1	ENSG00000100697	BLCA	B	LoF
DICER1	ENSG00000100697	RCCC	B	LoF
DIS3	ENSG00000083520	RCCC	C	LoF
DIS3	ENSG00000083520	CM	B	LoF
DIS3	ENSG00000083520	UCEC	A	LoF
DIS3	ENSG00000083520	AML	C	LoF
DIS3	ENSG00000083520	GBM	C	LoF
DIS3	ENSG00000083520	STAD	C	LoF
DIS3	ENSG00000083520	BRCA	C	LoF
DIS3	ENSG00000083520	MM	A	LoF
DIS3	ENSG00000083520	COREAD	A	LoF
DIS3	ENSG00000083520	BLCA	C	LoF
DLG1	ENSG00000075711	CM	C	Act
DLG1	ENSG00000075711	BLCA	C	Act
DLG1	ENSG00000075711	LUSC	C	Act
DLG1	ENSG00000075711	STAD	C	Act
DLG1	ENSG00000075711	OV	C	Act
DLG1	ENSG00000075711	ESCA	C	Act
DNMT3A	ENSG00000119772	AML	A	LoF
DNMT3A	ENSG00000119772	LUAD	A	LoF
DNMT3A	ENSG00000119772	COREAD	A	LoF
DNMT3A	ENSG00000119772	STAD	A	LoF
DNMT3A	ENSG00000119772	HNSC	A	LoF
DNMT3A	ENSG00000119772	OV	A	LoF
DNMT3A	ENSG00000119772	CM	A	LoF
DNMT3A	ENSG00000119772	UCEC	A	LoF
EEF1A1	ENSG00000156508	LUSC	A	LoF
EEF1A1	ENSG00000156508	ESCA	A	LoF
EEF1A1	ENSG00000156508	HNSC	A	LoF
EEF1A1	ENSG00000156508	RCCC	A	LoF
EEF1A1	ENSG00000156508	STAD	A	LoF
EEF1B2	ENSG00000114942	LGG	C	Act
EEF1B2	ENSG00000114942	BLCA	C	Act
EEF1B2	ENSG00000114942	PRAD	C	Act
EEF1B2	ENSG00000114942	LUAD	C	Act
EFTUD2	ENSG00000108883	LUAD	C	Ambiguous
EGFR	ENSG00000146648	RCCC	A	Act
EGFR	ENSG00000146648	LGG	A	Act
EGFR	ENSG00000146648	ESCA	A	Act
EGFR	ENSG00000146648	GBM	A	Act
EGFR	ENSG00000146648	BRCA	A	Act
EGFR	ENSG00000146648	LUAD	A	Act
EGFR	ENSG00000146648	COREAD	A	Act
EGFR	ENSG00000146648	LUSC	A	Act
EGFR	ENSG00000146648	STAD	A	Act
EGFR	ENSG00000146648	PRAD	A	Act
EGFR	ENSG00000146648	UCEC	A	Act
EGFR	ENSG00000146648	HNSC	A	Act
EGFR	ENSG00000146648	AML	A	Act
EIF1AX	ENSG00000173674	LGG	A	LoF
EIF1AX	ENSG00000173674	THCA	A	LoF
EIF1AX	ENSG00000173674	CM	A	LoF
EIF1AX	ENSG00000173674	BRCA	A	LoF
EIF1AX	ENSG00000173674	UCEC	A	LoF
EIF2AK3	ENSG00000172071	ESCA	C	LoF
EIF2AK3	ENSG00000172071	STAD	C	LoF
EIF2AK3	ENSG00000172071	BLCA	C	LoF
EIF2AK3	ENSG00000172071	CM	C	LoF
EIF2AK3	ENSG00000172071	RCCC	C	LoF
EIF2AK3	ENSG00000172071	OV	C	LoF
EIF2AK3	ENSG00000172071	LUAD	C	LoF
EIF2AK3	ENSG00000172071	SCLC	C	LoF
EIF2AK3	ENSG00000172071	UCEC	C	LoF
EIF2AK3	ENSG00000172071	PRAD	C	LoF
EIF2C3	ENSG00000126070	HNSC	C	Act
EIF2C3	ENSG00000126070	LUSC	C	Act
EIF2C3	ENSG00000126070	NB	C	Act
EIF2C3	ENSG00000126070	RCCC	C	Act
EIF2C3	ENSG00000126070	BRCA	C	Act
EIF2C3	ENSG00000126070	LUAD	C	Act
EIF2C3	ENSG00000126070	UCEC	C	Act
EIF4A2	ENSG00000156976	BRCA	B	Act
EIF4A2	ENSG00000156976	CM	B	Act
EIF4A2	ENSG00000156976	BLCA	B	Act
EIF4A2	ENSG00000156976	OV	B	Act
EIF4A2	ENSG00000156976	RCCC	B	Act
EIF4A2	ENSG00000156976	LUSC	B	Act
EIF4A2	ENSG00000156976	UCEC	B	Act
EIF4A2	ENSG00000156976	STAD	B	Act
EIF4A2	ENSG00000156976	LUAD	B	Act
EIF4G1	ENSG00000114867	LUAD	C	Act
EIF4G1	ENSG00000114867	STAD	C	Act
EIF4G1	ENSG00000114867	BLCA	C	Act
EIF4G1	ENSG00000114867	PRAD	C	Act
EIF4G1	ENSG00000114867	UCEC	C	Act
EIF4G1	ENSG00000114867	BRCA	C	Act
EIF4G1	ENSG00000114867	ESCA	C	Act
EIF4G1	ENSG00000114867	RCCC	C	Act
EIF4G1	ENSG00000114867	CM	C	Act
EIF4G3	ENSG00000075151	CM	C	Act
ELF1	ENSG00000120690	BRCA	C	LoF
ELF1	ENSG00000120690	HNSC	C	LoF
ELF1	ENSG00000120690	LUSC	C	LoF
ELF1	ENSG00000120690	CM	C	LoF
ELF1	ENSG00000120690	BLCA	C	LoF
ELF1	ENSG00000120690	RCCC	C	LoF
ELF3	ENSG00000163435	BLCA	A	LoF
ELF3	ENSG00000163435	COREAD	A	LoF
ELF3	ENSG00000163435	STAD	A	LoF
ELF3	ENSG00000163435	CM	A	LoF
ELF3	ENSG00000163435	ESCA	A	LoF
ELF4	ENSG00000102034	HNSC	B	Act
EP300	ENSG00000100393	BLCA	B	LoF
EP300	ENSG00000100393	CLL	B	LoF
EP300	ENSG00000100393	PRAD	B	LoF
EP300	ENSG00000100393	HNSC	B	LoF
EP300	ENSG00000100393	LUAD	B	LoF
EP300	ENSG00000100393	ESCA	B	LoF
EP300	ENSG00000100393	UCEC	B	LoF
EP300	ENSG00000100393	SCLC	B	LoF
EP300	ENSG00000100393	CM	B	LoF
EP300	ENSG00000100393	BRCA	B	LoF
EPHA1	ENSG00000146904	STAD	C	Act
EPHA2	ENSG00000142627	HNSC	A	LoF
EPHA4	ENSG00000116106	LUAD	C	Ambiguous
EPHB2	ENSG00000133216	LUAD	C	Act
ERBB2	ENSG00000141736	BRCA	B	Act
ERBB2	ENSG00000141736	PAAD	B	Act
ERBB2IP	ENSG00000112851	BRCA	C	LoF
ERBB2IP	ENSG00000112851	ESCA	C	LoF
ERBB2IP	ENSG00000112851	OV	C	LoF
ERBB2IP	ENSG00000112851	RCCC	C	LoF
ERBB2IP	ENSG00000112851	CM	C	LoF
ERBB2IP	ENSG00000112851	CLL	C	LoF
ERBB2IP	ENSG00000112851	BLCA	C	LoF
ERBB2IP	ENSG00000112851	LUAD	C	LoF
ERBB2IP	ENSG00000112851	LUSC	C	LoF
ERBB2IP	ENSG00000112851	STAD	C	LoF
ERBB3	ENSG00000065361	UCEC	C	Act
ERBB3	ENSG00000065361	BLCA	C	Act
ERBB3	ENSG00000065361	CM	C	Act
ERCC2	ENSG00000104884	STAD	B	LoF
ERCC2	ENSG00000104884	LUAD	B	LoF
ERCC2	ENSG00000104884	BRCA	B	LoF
ERCC2	ENSG00000104884	PRAD	B	LoF
ERCC2	ENSG00000104884	BLCA	B	LoF
ERCC2	ENSG00000104884	ESCA	B	LoF
EZH2	ENSG00000106462	STAD	B	LoF
EZH2	ENSG00000106462	HNSC	B	LoF
EZH2	ENSG00000106462	LUAD	B	LoF
EZH2	ENSG00000106462	AML	B	LoF
EZH2	ENSG00000106462	CM	B	LoF
EZH2	ENSG00000106462	LUSC	B	LoF
EZH2	ENSG00000106462	GBM	B	LoF
EZH2	ENSG00000106462	RCCC	B	LoF
EZH2	ENSG00000106462	ESCA	B	LoF
FAF1	ENSG00000185104	CM	C	LoF
FAM123B	ENSG00000184675	RCCC	B	LoF
FAM123B	ENSG00000184675	LGG	B	LoF
FAM123B	ENSG00000184675	OV	B	LoF
FAM123B	ENSG00000184675	STAD	B	LoF
FAM123B	ENSG00000184675	SCLC	B	LoF
FAM123B	ENSG00000184675	COREAD	A	LoF
FAM123B	ENSG00000184675	UCEC	B	LoF
FAM123B	ENSG00000184675	BLCA	B	LoF
FAM46C	ENSG00000183508	MM	B	LoF
FANCI	ENSG00000140525	CM	C	Ambiguous
FAS	ENSG00000026103	CM	B	LoF
FAS	ENSG00000026103	STAD	B	LoF
FAS	ENSG00000026103	UCEC	B	LoF
FAT1	ENSG00000083857	HNSC	A	LoF
FAT1	ENSG00000083857	PRAD	A	LoF
FAT1	ENSG00000083857	LGG	A	LoF
FAT1	ENSG00000083857	SCLC	A	LoF
FAT1	ENSG00000083857	LUAD	A	LoF
FAT1	ENSG00000083857	BLCA	A	LoF
FAT1	ENSG00000083857	GBM	A	LoF
FAT2	ENSG00000086570	HNSC	C	Act
FBXO11	ENSG00000138081	DLBCL	B	LoF
FBXW7	ENSG00000109670	COREAD	A	LoF
FBXW7	ENSG00000109670	BLCA	A	LoF
FBXW7	ENSG00000109670	CLL	A	LoF
FBXW7	ENSG00000109670	BRCA	A	LoF
FBXW7	ENSG00000109670	LUAD	A	LoF
FBXW7	ENSG00000109670	OV	A	LoF
FBXW7	ENSG00000109670	UCEC	A	LoF
FBXW7	ENSG00000109670	MB	A	LoF
FBXW7	ENSG00000109670	ALL	A	LoF
FBXW7	ENSG00000109670	HNSC	A	LoF
FBXW7	ENSG00000109670	CM	A	LoF
FBXW7	ENSG00000109670	ESCA	A	LoF
FCRL4	ENSG00000163518	CM	B	Act
FGFR1	ENSG00000077782	PIA	A	Act
FGFR2	ENSG00000066468	UCEC	A	Act
FGFR2	ENSG00000066468	LUSC	B	Act
FGFR2	ENSG00000066468	PRAD	B	Act
FGFR2	ENSG00000066468	ESCA	B	Act
FGFR2	ENSG00000066468	HNSC	B	Act
FGFR2	ENSG00000066468	LUAD	B	Act
FGFR2	ENSG00000066468	MM	B	Act
FGFR2	ENSG00000066468	STAD	B	Act
FGFR2	ENSG00000066468	CLL	B	Act
FGFR2	ENSG00000066468	BLCA	B	Act
FGFR3	ENSG00000068078	CLL	B	Act
FGFR3	ENSG00000068078	BLCA	B	Act
FGFR3	ENSG00000068078	LUSC	B	Act
FGFR3	ENSG00000068078	MM	B	Act
FGFR3	ENSG00000068078	CM	B	Act
FIP1L1	ENSG00000145216	PRAD	B	Act
FKBP5	ENSG00000096060	BLCA	C	Act
FLT3	ENSG00000122025	BLCA	B	Act
FLT3	ENSG00000122025	RCCC	B	Act
FLT3	ENSG00000122025	ALL	B	Act
FLT3	ENSG00000122025	OV	B	Act
FLT3	ENSG00000122025	HC	B	Act
FLT3	ENSG00000122025	HNSC	B	Act
FLT3	ENSG00000122025	STAD	B	Act
FLT3	ENSG00000122025	BRCA	B	Act
FLT3	ENSG00000122025	ESCA	B	Act
FLT3	ENSG00000122025	UCEC	B	Act
FLT3	ENSG00000122025	AML	A	Act
FMR1	ENSG00000102081	BRCA	C	LoF
FMR1	ENSG00000102081	RCCC	C	LoF
FMR1	ENSG00000268103	RCCC	C	LoF
FMR1	ENSG00000268103	BRCA	C	LoF
FMR1	ENSG00000102081	MB	C	LoF
FMR1	ENSG00000268103	LUSC	C	LoF
FMR1	ENSG00000102081	OV	C	LoF
FMR1	ENSG00000268103	OV	C	LoF
FMR1	ENSG00000268103	MB	C	LoF
FMR1	ENSG00000102081	LUAD	C	LoF
FMR1	ENSG00000268103	HNSC	C	LoF
FMR1	ENSG00000102081	HNSC	C	LoF
FMR1	ENSG00000102081	CM	C	LoF
FMR1	ENSG00000268103	CM	C	LoF
FMR1	ENSG00000102081	LUSC	C	LoF
FMR1	ENSG00000268103	LUAD	C	LoF
FN1	ENSG00000115414	COREAD	C	LoF
FN1	ENSG00000115414	BLCA	C	LoF
FN1	ENSG00000115414	BRCA	C	LoF
FN1	ENSG00000115414	SCLC	C	LoF
FN1	ENSG00000115414	CM	C	LoF
FN1	ENSG00000115414	LUSC	C	LoF
FN1	ENSG00000115414	GBM	C	LoF
FN1	ENSG00000115414	LUAD	C	LoF
FN1	ENSG00000115414	HNSC	C	LoF
FN1	ENSG00000115414	PRAD	C	LoF
FOXA1	ENSG00000129514	BRCA	A	LoF
FOXA1	ENSG00000129514	PRAD	A	LoF
FOXA2	ENSG00000125798	UCEC	C	LoF
FOXP1	ENSG00000114861	BRCA	B	Act
FOXP1	ENSG00000114861	HNSC	B	Act
FOXP1	ENSG00000114861	LUSC	B	Act
FOXP1	ENSG00000114861	STAD	B	Act
FOXP1	ENSG00000114861	COREAD	B	Act
FOXP1	ENSG00000114861	CM	B	Act
FRG1	ENSG00000109536	PRAD	A	LoF
FRG1	ENSG00000260380	PRAD	A	LoF
FUBP1	ENSG00000162613	LGG	A	LoF
FUBP1	ENSG00000162613	CM	A	LoF
FUBP1	ENSG00000162613	UCEC	A	LoF
FUBP1	ENSG00000162613	STAD	A	LoF
FUBP1	ENSG00000162613	HNSC	A	LoF
FUBP1	ENSG00000162613	BRCA	A	LoF
FUBP1	ENSG00000162613	MM	A	LoF
FUBP1	ENSG00000162613	LUAD	A	LoF
FUBP1	ENSG00000162613	LUSC	A	LoF
FUS	ENSG00000089280	BLCA	B	Act
FUS	ENSG00000089280	RCCC	B	Act
FUS	ENSG00000089280	BRCA	B	Act
FXR1	ENSG00000114416	COREAD	C	LoF
FXR1	ENSG00000114416	MM	C	LoF
FXR1	ENSG00000114416	UCEC	C	LoF
FXR1	ENSG00000114416	CM	C	LoF
FXR1	ENSG00000114416	LUAD	C	LoF
FXR1	ENSG00000114416	LUSC	C	LoF
G3BP1	ENSG00000145907	LUAD	C	Ambiguous
G3BP2	ENSG00000138757	BRCA	C	Act
G3BP2	ENSG00000138757	CM	C	Act
G3BP2	ENSG00000138757	STAD	C	Act
G3BP2	ENSG00000138757	UCEC	C	Act
G3BP2	ENSG00000138757	LUAD	C	Act
G3BP2	ENSG00000138757	HNSC	C	Act
G3BP2	ENSG00000138757	PRAD	C	Act
G3BP2	ENSG00000138757	RCCC	C	Act
G3BP2	ENSG00000138757	BLCA	C	Act
G3BP2	ENSG00000138757	LUSC	C	Act
GATA3	ENSG00000107485	BRCA	A	LoF
GATA3	ENSG00000107485	LUSC	A	LoF
GATA3	ENSG00000107485	STAD	A	LoF
GATA3	ENSG00000107485	COREAD	A	LoF
GATA3	ENSG00000107485	CM	A	LoF
GNA11	ENSG00000088256	STAD	B	Act
GNAI1	ENSG00000127955	CLL	C	LoF
GNAI1	ENSG00000127955	LUAD	C	LoF
GNAI1	ENSG00000127955	LUSC	C	LoF
GNAI1	ENSG00000127955	STAD	C	LoF
GNAI1	ENSG00000127955	UCEC	C	LoF
GNAS	ENSG00000087460	SCLC	B	Act
GNAS	ENSG00000087460	HNSC	B	Act
GNAS	ENSG00000087460	PRAD	B	Act
GNAS	ENSG00000087460	PAAD	A	Act
GNAS	ENSG00000087460	THCA	B	Act
GNAS	ENSG00000087460	OV	B	Act
GNAS	ENSG00000087460	COREAD	A	Act
GNAS	ENSG00000087460	BLCA	B	Act
GNG2	ENSG00000186469	CM	C	LoF
GNG2	ENSG00000186469	LUAD	C	LoF
GOLGA5	ENSG00000066455	LUSC	B	Act
GOLGA5	ENSG00000066455	STAD	B	Act
GOLGA5	ENSG00000066455	BRCA	B	Act
GOLGA5	ENSG00000066455	CM	B	Act
GOLGA5	ENSG00000066455	BLCA	B	Act
GOLGA5	ENSG00000066455	COREAD	B	Act
GOLGA5	ENSG00000066455	OV	B	Act
GPS2	ENSG00000132522	OV	C	LoF
GPS2	ENSG00000132522	CLL	C	LoF
GPS2	ENSG00000132522	UCEC	C	LoF
GPS2	ENSG00000132522	BRCA	C	LoF
GPS2	ENSG00000132522	BLCA	C	LoF
GPSM2	ENSG00000121957	UCEC	C	LoF
GPSM2	ENSG00000121957	LUSC	C	LoF
GPSM2	ENSG00000121957	HNSC	C	LoF
GPSM2	ENSG00000121957	LUAD	C	LoF
HCFC1	ENSG00000268768	BRCA	C	Act
HCFC1	ENSG00000172534	BRCA	C	Act
HDAC2	ENSG00000196591	PAAD	C	LoF
HDAC3	ENSG00000171720	UCEC	C	LoF
HDAC3	ENSG00000171720	OV	C	LoF
HDAC3	ENSG00000171720	STAD	C	LoF
HDAC3	ENSG00000171720	CM	C	LoF
HDAC9	ENSG00000048052	GBM	C	Act
HDAC9	ENSG00000048052	CM	C	Act
HDAC9	ENSG00000048052	RCCC	C	Act
HGF	ENSG00000019991	SCLC	C	Act
HGF	ENSG00000019991	UCEC	C	Act
HGF	ENSG00000019991	ESCA	C	Act
HGF	ENSG00000019991	NSCLC	C	Act
HGF	ENSG00000019991	PRAD	C	Act
HGF	ENSG00000019991	LGG	C	Act
HGF	ENSG00000019991	OV	C	Act
HIC2	ENSG00000169635	PAAD	A	Ambiguous
HLA-A	ENSG00000223980	LUSC	C	Ambiguous
HLA-A	ENSG00000227715	LUSC	C	Ambiguous
HLA-A	ENSG00000206505	LUAD	C	Ambiguous
HLA-A	ENSG00000224320	LUAD	C	Ambiguous
HLA-A	ENSG00000229215	LUSC	C	Ambiguous
HLA-A	ENSG00000235657	LUSC	C	Ambiguous
HLA-A	ENSG00000224320	LUSC	C	Ambiguous
HLA-A	ENSG00000231834	LUAD	C	Ambiguous
HLA-A	ENSG00000206503	LUAD	C	Ambiguous
HLA-A	ENSG00000224320	STAD	C	Ambiguous
HLA-A	ENSG00000229215	CM	C	Ambiguous
HLA-A	ENSG00000206505	STAD	C	Ambiguous
HLA-A	ENSG00000206505	LUSC	C	Ambiguous
HLA-A	ENSG00000231834	LUSC	C	Ambiguous
HLA-A	ENSG00000227715	LUAD	C	Ambiguous
HLA-A	ENSG00000206503	LUSC	C	Ambiguous
HLA-A	ENSG00000223980	LUAD	C	Ambiguous
HLA-A	ENSG00000235657	LUAD	C	Ambiguous
HLA-A	ENSG00000235657	CM	C	Ambiguous
HLA-A	ENSG00000231834	BRCA	C	Ambiguous
HLA-A	ENSG00000206503	BRCA	C	Ambiguous
HLA-A	ENSG00000227715	STAD	C	Ambiguous
HLA-A	ENSG00000227715	BRCA	C	Ambiguous
HLA-A	ENSG00000206505	BRCA	C	Ambiguous
HLA-A	ENSG00000224320	BRCA	C	Ambiguous
HLA-A	ENSG00000224320	BLCA	C	Ambiguous
HLA-A	ENSG00000206505	BLCA	C	Ambiguous
HLA-A	ENSG00000227715	BLCA	C	Ambiguous
HLA-A	ENSG00000223980	BLCA	C	Ambiguous
HLA-A	ENSG00000235657	BRCA	C	Ambiguous
HLA-A	ENSG00000206503	BLCA	C	Ambiguous
HLA-A	ENSG00000235657	BLCA	C	Ambiguous
HLA-A	ENSG00000229215	BLCA	C	Ambiguous
HLA-A	ENSG00000224320	HNSC	C	Ambiguous
HLA-A	ENSG00000206505	HNSC	C	Ambiguous
HLA-A	ENSG00000227715	HNSC	C	Ambiguous
HLA-A	ENSG00000223980	HNSC	C	Ambiguous
HLA-A	ENSG00000206503	HNSC	C	Ambiguous
HLA-A	ENSG00000231834	HNSC	C	Ambiguous
HLA-A	ENSG00000235657	HNSC	C	Ambiguous
HLA-A	ENSG00000229215	HNSC	C	Ambiguous
HLA-A	ENSG00000231834	BLCA	C	Ambiguous
HLA-A	ENSG00000229215	BRCA	C	Ambiguous
HLA-A	ENSG00000223980	BRCA	C	Ambiguous
HLA-A	ENSG00000206505	CM	C	Ambiguous
HLA-A	ENSG00000231834	CM	C	Ambiguous
HLA-A	ENSG00000223980	STAD	C	Ambiguous
HLA-A	ENSG00000206503	STAD	C	Ambiguous
HLA-A	ENSG00000229215	LUAD	C	Ambiguous
HLA-A	ENSG00000231834	STAD	C	Ambiguous
HLA-A	ENSG00000235657	STAD	C	Ambiguous
HLA-A	ENSG00000229215	STAD	C	Ambiguous
HLA-A	ENSG00000206503	CM	C	Ambiguous
HLA-A	ENSG00000223980	CM	C	Ambiguous
HLA-A	ENSG00000224320	CM	C	Ambiguous
HLA-A	ENSG00000227715	CM	C	Ambiguous
HLA-B	ENSG00000234745	ESCA	C	Ambiguous
HLA-B	ENSG00000224608	ESCA	C	Ambiguous
HLA-B	ENSG00000228964	ESCA	C	Ambiguous
HLA-B	ENSG00000232126	HNSC	C	Ambiguous
HLA-B	ENSG00000224608	HNSC	C	Ambiguous
HLA-B	ENSG00000234745	HNSC	C	Ambiguous
HLA-B	ENSG00000206450	ESCA	C	Ambiguous
HLA-B	ENSG00000232126	ESCA	C	Ambiguous
HLA-B	ENSG00000223532	ESCA	C	Ambiguous
HLA-B	ENSG00000228964	HNSC	C	Ambiguous
HLA-B	ENSG00000234745	STAD	C	Ambiguous
HLA-B	ENSG00000224608	CM	C	Ambiguous
HLA-B	ENSG00000228964	CM	C	Ambiguous
HLA-B	ENSG00000232126	CM	C	Ambiguous
HLA-B	ENSG00000223532	HNSC	C	Ambiguous
HLA-B	ENSG00000234745	CM	C	Ambiguous
HLA-B	ENSG00000223532	STAD	C	Ambiguous
HLA-B	ENSG00000206450	HNSC	C	Ambiguous
HLA-B	ENSG00000232126	STAD	C	Ambiguous
HLA-B	ENSG00000228964	STAD	C	Ambiguous
HLA-B	ENSG00000224608	STAD	C	Ambiguous
HLA-B	ENSG00000206450	CM	C	Ambiguous
HLA-B	ENSG00000223532	CM	C	Ambiguous
HLA-B	ENSG00000206450	STAD	C	Ambiguous
HLF	ENSG00000108924	RCCC	B	Act
HLF	ENSG00000108924	BRCA	B	Act
HLF	ENSG00000108924	LUSC	B	Act
HLF	ENSG00000108924	CM	B	Act
HNF1A	ENSG00000135100	PRAD	B	LoF
HNRPDL	ENSG00000152795	HNSC	C	LoF
HNRPDL	ENSG00000152795	BLCA	C	LoF
HNRPDL	ENSG00000152795	STAD	C	LoF
HNRPDL	ENSG00000152795	BRCA	C	LoF
HNRPDL	ENSG00000152795	THCA	C	LoF
HNRPDL	ENSG00000152795	CM	C	LoF
HNRPDL	ENSG00000152795	CLL	C	LoF
HNRPDL	ENSG00000152795	RCCC	C	LoF
HRAS	ENSG00000174775	CM	A	Act
HRAS	ENSG00000174775	PRAD	A	Act
HRAS	ENSG00000174775	BLCA	A	Act
HRAS	ENSG00000174775	HNSC	A	Act
HRAS	ENSG00000174775	CLL	A	Act
HRAS	ENSG00000174775	LUSC	A	Act
HRAS	ENSG00000174775	THCA	A	Act
HSP90AA1	ENSG00000080824	OV	B	Act
HSP90AA1	ENSG00000080824	LUSC	B	Act
HSP90AA1	ENSG00000080824	LUAD	B	Act
HSP90AA1	ENSG00000080824	BLCA	B	Act
HSP90AB1	ENSG00000096384	RCCC	B	Act
HSP90AB1	ENSG00000096384	PRAD	B	Act
HSP90AB1	ENSG00000096384	BLCA	B	Act
HSP90AB1	ENSG00000096384	SCLC	B	Act
HSP90AB1	ENSG00000096384	LUAD	B	Act
HSP90AB1	ENSG00000096384	STAD	B	Act
HSP90AB1	ENSG00000096384	LUSC	B	Act
HSP90AB1	ENSG00000096384	GBM	B	Act
HSP90AB1	ENSG00000096384	MM	B	Act
HSPA8	ENSG00000109971	LUSC	C	Act
HSPA8	ENSG00000109971	PRAD	C	Act
HSPA8	ENSG00000109971	HNSC	C	Act
HSPA8	ENSG00000109971	LUAD	C	Act
HSPA8	ENSG00000109971	BLCA	C	Act
HSPA8	ENSG00000109971	BRCA	C	Act
HSPA8	ENSG00000109971	CM	C	Act
IDH1	ENSG00000138413	LUAD	A	Act
IDH1	ENSG00000138413	BLCA	A	Act
IDH1	ENSG00000138413	CLL	A	Act
IDH1	ENSG00000138413	HC	A	Act
IDH1	ENSG00000138413	AML	A	Act
IDH1	ENSG00000138413	GBM	A	Act
IDH1	ENSG00000138413	PRAD	A	Act
IDH1	ENSG00000138413	RCCC	A	Act
IDH1	ENSG00000138413	LUSC	A	Act
IDH1	ENSG00000138413	BRCA	A	Act
IDH1	ENSG00000138413	MM	A	Act
IDH1	ENSG00000138413	UCEC	A	Act
IDH1	ENSG00000138413	LGG	A	Act
IDH1	ENSG00000138413	CM	A	Act
IDH2	ENSG00000182054	COREAD	A	Act
IDH2	ENSG00000182054	AML	A	Act
IDH2	ENSG00000182054	CM	A	Act
IDH2	ENSG00000182054	LGG	A	Act
IL6ST	ENSG00000134352	MM	B	Act
ING1	ENSG00000153487	UCEC	C	LoF
ING2	ENSG00000168556	PAAD	C	LoF
INHBA	ENSG00000122641	PAAD	C	Ambiguous
INPP4A	ENSG00000040933	UCEC	C	LoF
INPPL1	ENSG00000165458	UCEC	C	LoF
IREB2	ENSG00000136381	LUAD	C	Act
IREB2	ENSG00000136381	CM	C	Act
IREB2	ENSG00000136381	LUSC	C	Act
IREB2	ENSG00000136381	BLCA	C	Act
IREB2	ENSG00000136381	ESCA	C	Act
IREB2	ENSG00000136381	STAD	C	Act
IREB2	ENSG00000136381	UCEC	C	Act
IREB2	ENSG00000136381	HNSC	C	Act
IRF2	ENSG00000168310	STAD	C	LoF
IRF4	ENSG00000137265	MM	B	ambiguous
IRF6	ENSG00000117595	HNSC	C	Ambiguous
IRF7	ENSG00000185507	CM	C	Act
IRS2	ENSG00000185950	LUAD	C	LoF
IRS2	ENSG00000185950	STAD	C	LoF
IRS2	ENSG00000185950	HNSC	C	LoF
IRS2	ENSG00000185950	ESCA	C	LoF
IRS2	ENSG00000185950	BLCA	C	LoF
IRS2	ENSG00000185950	PRAD	C	LoF
IRS2	ENSG00000185950	LUSC	C	LoF
ITGA9	ENSG00000144668	CM	C	Act
ITSN1	ENSG00000205726	HC	C	LoF
ITSN1	ENSG00000205726	RCCC	C	LoF
ITSN1	ENSG00000205726	CM	C	LoF
ITSN1	ENSG00000205726	COREAD	C	LoF
ITSN1	ENSG00000205726	SCLC	C	LoF
ITSN1	ENSG00000205726	BRCA	C	LoF
ITSN1	ENSG00000205726	LUSC	C	LoF
ITSN1	ENSG00000205726	OV	C	LoF
ITSN1	ENSG00000205726	ESCA	C	LoF
JMY	ENSG00000152409	CM	C	Ambiguous
KANSL1	ENSG00000120071	PAAD	C	LoF
KAT6B	ENSG00000156650	LGG	B	Act
KAT6B	ENSG00000156650	PRAD	B	Act
KAT8	ENSG00000103510	PAAD	C	Ambiguous
KDM5C	ENSG00000269816	RCCC	A	LoF
KDM5C	ENSG00000126012	CM	A	LoF
KDM5C	ENSG00000269816	HNSC	A	LoF
KDM5C	ENSG00000126012	HNSC	A	LoF
KDM5C	ENSG00000126012	BRCA	A	LoF
KDM5C	ENSG00000269816	BRCA	A	LoF
KDM5C	ENSG00000269816	CM	A	LoF
KDM5C	ENSG00000126012	GBM	A	LoF
KDM5C	ENSG00000269816	GBM	A	LoF
KDM5C	ENSG00000126012	RCCC	A	LoF
KDM5C	ENSG00000126012	LUSC	A	LoF
KDM5C	ENSG00000269816	LUSC	A	LoF
KDM6A	ENSG00000147050	MB	A	LoF
KDM6A	ENSG00000147050	GBM	A	LoF
KDM6A	ENSG00000147050	AML	A	LoF
KDM6A	ENSG00000147050	PAAD	A	LoF
KDM6A	ENSG00000147050	STAD	A	LoF
KDM6A	ENSG00000147050	RCCC	A	LoF
KDM6A	ENSG00000147050	ESCA	A	LoF
KDM6A	ENSG00000147050	CM	A	LoF
KDM6A	ENSG00000147050	UCEC	A	LoF
KDM6A	ENSG00000147050	HNSC	A	LoF
KDM6A	ENSG00000147050	SCLC	A	LoF
KDM6A	ENSG00000147050	CLL	A	LoF
KDM6A	ENSG00000147050	PRAD	A	LoF
KDM6A	ENSG00000147050	LUAD	A	LoF
KDM6A	ENSG00000147050	BLCA	A	LoF
KDR	ENSG00000128052	GBM	B	Act
KDR	ENSG00000128052	LUAD	B	Act
KEAP1	ENSG00000079999	RCCC	A	Act
KEAP1	ENSG00000079999	LUSC	A	Act
KEAP1	ENSG00000079999	BLCA	A	Act
KEAP1	ENSG00000079999	LUAD	A	Act
KEAP1	ENSG00000079999	BRCA	A	Act
KEAP1	ENSG00000079999	PRAD	A	Act
KEAP1	ENSG00000079999	NSCLC	A	Act
KIT	ENSG00000157404	AML	A	Act
KLF4	ENSG00000136826	UCEC	C	Act
KLF4	ENSG00000136826	CM	C	Act
KLF4	ENSG00000136826	NB	C	Act
KLF4	ENSG00000136826	STAD	C	Act
KLF4	ENSG00000136826	MEN	A	Act
KLF4	ENSG00000136826	BRCA	C	Act
KLF6	ENSG00000067082	HNSC	B	LoF
KLF6	ENSG00000067082	STAD	B	LoF
KLF6	ENSG00000067082	LUAD	B	LoF
KLF6	ENSG00000067082	BLCA	B	LoF
KLF6	ENSG00000067082	CM	B	LoF
KRAS	ENSG00000133703	ALL	A	Act
KRAS	ENSG00000133703	MM	A	Act
KRAS	ENSG00000133703	AML	A	Act
KRAS	ENSG00000133703	CLL	A	Act
KRAS	ENSG00000133703	CM	A	Act
KRAS	ENSG00000133703	PAAD	A	Act
KRAS	ENSG00000133703	OV	A	Act
KRAS	ENSG00000133703	LUAD	A	Act
KRAS	ENSG00000133703	UCEC	A	Act
KRAS	ENSG00000133703	NSCLC	A	Act
KRAS	ENSG00000133703	THCA	A	Act
KRAS	ENSG00000133703	LUSC	A	Act
KRAS	ENSG00000133703	BRCA	A	Act
KRAS	ENSG00000133703	STAD	A	Act
KRAS	ENSG00000133703	COREAD	A	Act
KRAS	ENSG00000133703	GBM	A	Act
LCP1	ENSG00000136167	RCCC	B	Act
LCP1	ENSG00000136167	BRCA	B	Act
LCP1	ENSG00000136167	STAD	B	Act
LCP1	ENSG00000136167	LUAD	B	Act
LCP1	ENSG00000136167	CM	B	Act
LDHA	ENSG00000134333	CM	C	LoF
LDHA	ENSG00000134333	LUAD	C	LoF
LDHA	ENSG00000134333	THCA	C	LoF
LIMA1	ENSG00000050405	BLCA	C	LoF
LNPEP	ENSG00000113441	CM	C	Ambiguous
LRP6	ENSG00000070018	GBM	C	Act
LRP6	ENSG00000070018	RCCC	C	Act
LRP6	ENSG00000070018	CM	C	Act
LRP6	ENSG00000070018	ESCA	C	Act
LRP6	ENSG00000070018	NB	C	Act
LRP6	ENSG00000070018	BRCA	C	Act
LRPPRC	ENSG00000138095	CM	C	LoF
MACF1	ENSG00000127603	STAD	C	Act
MACF1	ENSG00000127603	HC	C	Act
MACF1	ENSG00000127603	BRCA	C	Act
MACF1	ENSG00000127603	ESCA	C	Act
MACF1	ENSG00000127603	MM	C	Act
MACF1	ENSG00000127603	NB	C	Act
MACF1	ENSG00000127603	HNSC	C	Act
MAGI2	ENSG00000187391	CM	C	Act
MAP2K1	ENSG00000169032	CM	A	Act
MAP2K1	ENSG00000169032	STAD	A	Act
MAP2K1	ENSG00000169032	COREAD	A	Act
MAP2K1	ENSG00000169032	LUSC	A	Act
MAP2K1	ENSG00000169032	LUAD	A	Act
MAP2K4	ENSG00000065559	CM	A	LoF
MAP2K4	ENSG00000065559	STAD	A	LoF
MAP2K4	ENSG00000065559	ESCA	A	LoF
MAP2K4	ENSG00000065559	BRCA	A	LoF
MAP2K4	ENSG00000065559	LUAD	A	LoF
MAP2K4	ENSG00000065559	PAAD	A	LoF
MAP2K4	ENSG00000065559	UCEC	A	LoF
MAP3K1	ENSG00000095015	HNSC	A	LoF
MAP3K1	ENSG00000095015	UCEC	A	LoF
MAP3K1	ENSG00000095015	LUAD	A	LoF
MAP3K1	ENSG00000095015	BRCA	A	LoF
MAP3K1	ENSG00000095015	BLCA	A	LoF
MAP3K1	ENSG00000095015	LUSC	A	LoF
MAP3K1	ENSG00000095015	STAD	A	LoF
MAP3K1	ENSG00000095015	CM	A	LoF
MAP3K11	ENSG00000173327	CM	C	Ambiguous
MAP3K4	ENSG00000085511	LUAD	C	Act
MAP3K4	ENSG00000085511	OV	C	Act
MAP3K4	ENSG00000085511	COREAD	C	Act
MAP3K4	ENSG00000085511	ESCA	C	Act
MAP3K4	ENSG00000085511	CM	C	Act
MAP3K4	ENSG00000085511	GBM	C	Act
MAP3K4	ENSG00000085511	LUSC	C	Act
MAP3K4	ENSG00000085511	BLCA	C	Act
MAP4K1	ENSG00000104814	LUAD	C	Act
MAP4K3	ENSG00000011566	OV	C	LoF
MAP4K3	ENSG00000011566	PRAD	C	LoF
MAP4K3	ENSG00000011566	CM	C	LoF
MAP4K3	ENSG00000011566	LUAD	C	LoF
MAP4K3	ENSG00000011566	BLCA	C	LoF
MAP4K3	ENSG00000011566	HNSC	C	LoF
MAP4K3	ENSG00000011566	GBM	C	LoF
MARK2	ENSG00000072518	PAAD	A	Ambiguous
MAT2A	ENSG00000168906	CM	C	Ambiguous
MAX	ENSG00000125952	UCEC	C	Act
MAX	ENSG00000125952	LUAD	C	Act
MAX	ENSG00000125952	MM	C	Act
MAX	ENSG00000125952	RCCC	C	Act
MAX	ENSG00000125952	GBM	C	Act
MAX	ENSG00000125952	BRCA	C	Act
MAX	ENSG00000125952	LGG	C	Act
MCM3	ENSG00000112118	CM	C	Act
MCM8	ENSG00000125885	CM	C	Act
MECOM	ENSG00000085276	STAD	B	Act
MECOM	ENSG00000085276	CM	B	Act
MECOM	ENSG00000085276	MM	B	Act
MECOM	ENSG00000085276	PRAD	B	Act
MECOM	ENSG00000085276	BLCA	B	Act
MECOM	ENSG00000085276	OV	B	Act
MECOM	ENSG00000085276	BRCA	B	Act
MECOM	ENSG00000085276	LGG	B	Act
MECOM	ENSG00000085276	NB	B	Act
MECOM	ENSG00000085276	COREAD	B	Act
MED12	ENSG00000184634	COREAD	B	Act
MED12	ENSG00000184634	STAD	B	Act
MED12	ENSG00000184634	PRAD	B	Act
MED12	ENSG00000184634	BLCA	B	Act
MED12	ENSG00000184634	SCLC	B	Act
MED12	ENSG00000184634	AML	B	Act
MED12	ENSG00000184634	BRCA	B	Act
MED12	ENSG00000184634	OV	B	Act
MED12	ENSG00000184634	CLL	B	Act
MED12	ENSG00000184634	ESCA	B	Act
MED17	ENSG00000042429	LUSC	C	Act
MED17	ENSG00000042429	UCEC	C	Act
MED17	ENSG00000042429	RCCC	C	Act
MED17	ENSG00000042429	HNSC	C	Act
MED17	ENSG00000042429	LUAD	C	Act
MED17	ENSG00000042429	CM	C	Act
MED17	ENSG00000042429	STAD	C	Act
MED23	ENSG00000112282	BRCA	C	LoF
MED24	ENSG00000008838	LUAD	C	Ambiguous
MED24	ENSG00000008838	BRCA	C	Ambiguous
MED24	ENSG00000008838	BLCA	C	Ambiguous
MED24	ENSG00000008838	RCCC	C	Ambiguous
MED24	ENSG00000008838	COREAD	C	Ambiguous
MED24	ENSG00000008838	CM	C	Ambiguous
MED24	ENSG00000008838	LUSC	C	Ambiguous
MEF2C	ENSG00000081189	HNSC	C	Act
MEN1	ENSG00000133895	LUAD	B	LoF
MEN1	ENSG00000133895	HNSC	B	LoF
MEN1	ENSG00000133895	LUSC	B	LoF
MEN1	ENSG00000133895	CM	B	LoF
MEN1	ENSG00000133895	GBM	B	LoF
MET	ENSG00000105976	NB	B	Act
MET	ENSG00000105976	ESCA	B	Act
MET	ENSG00000105976	RCCC	B	Act
MET	ENSG00000105976	BLCA	B	Act
MET	ENSG00000105976	STAD	B	Act
MET	ENSG00000105976	LUSC	B	Act
MET	ENSG00000105976	LUAD	B	Act
MET	ENSG00000105976	UCEC	B	Act
MET	ENSG00000105976	GBM	B	Act
MET	ENSG00000105976	LGG	B	Act
MFNG	ENSG00000100060	CM	C	Act
MGA	ENSG00000174197	LUAD	A	LoF
MGA	ENSG00000174197	BRCA	A	LoF
MGA	ENSG00000174197	UCEC	C	LoF
MGA	ENSG00000174197	COREAD	C	LoF
MGA	ENSG00000174197	ESCA	B	LoF
MGA	ENSG00000174197	RCCC	B	LoF
MGA	ENSG00000174197	BLCA	C	LoF
MGA	ENSG00000174197	MB	C	LoF
MGA	ENSG00000174197	HNSC	A	LoF
MGMT	ENSG00000170430	HNSC	C	Act
MKL1	ENSG00000196588	RCCC	B	Act
MKL1	ENSG00000196588	OV	B	Act
MKL1	ENSG00000196588	BRCA	B	Act
MKL1	ENSG00000196588	STAD	B	Act
MKL1	ENSG00000196588	LUAD	B	Act
MKL1	ENSG00000196588	UCEC	B	Act
MKL1	ENSG00000196588	CM	B	Act
MKL1	ENSG00000196588	LUSC	B	Act
MLH1	ENSG00000076242	LUSC	B	LoF
MLH1	ENSG00000076242	CM	B	LoF
MLH1	ENSG00000076242	BRCA	B	LoF
MLH1	ENSG00000076242	UCEC	B	LoF
MLH1	ENSG00000076242	LUAD	B	LoF
MLH1	ENSG00000076242	BLCA	B	LoF
MLH1	ENSG00000076242	STAD	B	LoF
MLH1	ENSG00000076242	OV	B	LoF
MLH3	ENSG00000119684	UCEC	C	LoF
MLL	ENSG00000267910	LGG	B	Act
MLL	ENSG00000118058	LUAD	B	Act
MLL	ENSG00000118058	LGG	B	Act
MLL	ENSG00000267910	LUAD	B	Act
MLL	ENSG00000267910	HNSC	B	Act
MLL	ENSG00000267910	PRAD	B	Act
MLL	ENSG00000267910	THCA	B	Act
MLL	ENSG00000118058	THCA	B	Act
MLL	ENSG00000118058	BRCA	B	Act
MLL	ENSG00000267910	BRCA	B	Act
MLL	ENSG00000118058	CLL	B	Act
MLL	ENSG00000267910	CLL	B	Act
MLL	ENSG00000118058	GBM	B	Act
MLL	ENSG00000118058	PRAD	B	Act
MLL	ENSG00000118058	HNSC	B	Act
MLL	ENSG00000267910	GBM	B	Act
MLL	ENSG00000267910	MM	B	Act
MLL	ENSG00000267910	SCLC	B	Act
MLL	ENSG00000267910	LUSC	B	Act
MLL	ENSG00000118058	LUSC	B	Act
MLL	ENSG00000118058	SCLC	B	Act
MLL	ENSG00000118058	MM	B	Act
MLL2	ENSG00000167548	HNSC	A	LoF
MLL2	ENSG00000167548	ESCA	A	LoF
MLL2	ENSG00000167548	DLBCL	A	LoF
MLL2	ENSG00000167548	COREAD	A	LoF
MLL2	ENSG00000167548	PRAD	A	LoF
MLL2	ENSG00000167548	CLL	A	LoF
MLL2	ENSG00000167548	SCLC	A	LoF
MLL2	ENSG00000167548	BLCA	A	LoF
MLL2	ENSG00000167548	LGG	A	LoF
MLL2	ENSG00000167548	OV	A	LoF
MLL2	ENSG00000167548	BRCA	A	LoF
MLL2	ENSG00000167548	LUSC	A	LoF
MLL2	ENSG00000167548	MB	A	LoF
MLL2	ENSG00000167548	NB	A	LoF
MLL3	ENSG00000055609	MM	A	LoF
MLL3	ENSG00000055609	RCCC	A	LoF
MLL3	ENSG00000055609	BLCA	A	LoF
MLL3	ENSG00000055609	PRAD	A	LoF
MLL3	ENSG00000055609	CM	A	LoF
MLL3	ENSG00000055609	NSCLC	A	LoF
MLL3	ENSG00000055609	BRCA	A	LoF
MLL3	ENSG00000055609	HC	A	LoF
MLL3	ENSG00000055609	LUAD	A	LoF
MLL3	ENSG00000055609	PAAD	B	LoF
MLL3	ENSG00000055609	MB	A	LoF
MLL3	ENSG00000055609	CLL	A	LoF
MLL3	ENSG00000055609	SCLC	A	LoF
MLL3	ENSG00000055609	THCA	A	LoF
MLLT4	ENSG00000130396	BRCA	B	Act
MMP2	ENSG00000087245	LUAD	C	Act
MNDA	ENSG00000163563	SCLC	C	Ambiguous
MSR1	ENSG00000038945	SCLC	C	LoF
MSR1	ENSG00000038945	STAD	C	LoF
MSR1	ENSG00000038945	HNSC	C	LoF
MSR1	ENSG00000038945	ESCA	C	LoF
MSR1	ENSG00000038945	LUAD	C	LoF
MSR1	ENSG00000038945	COREAD	C	LoF
MSR1	ENSG00000038945	BRCA	C	LoF
MSR1	ENSG00000038945	CM	C	LoF
MTOR	ENSG00000198793	CLL	B	Act
MTOR	ENSG00000198793	BLCA	C	Act
MTOR	ENSG00000198793	RCCC	A	Act
MTOR	ENSG00000198793	HNSC	C	Act
MTOR	ENSG00000198793	ESCA	A	Act
MTOR	ENSG00000198793	LGG	A	Act
MTOR	ENSG00000198793	BRCA	A	Act
MTOR	ENSG00000198793	SCLC	C	Act
MUC20	ENSG00000176945	UCEC	C	LoF
MUC20	ENSG00000176945	HNSC	C	LoF
MUC20	ENSG00000176945	BRCA	C	LoF
MUC20	ENSG00000176945	LUSC	C	LoF
MUC4	ENSG00000145113	PRAD	C	Ambiguous
MYB	ENSG00000118513	BRCA	A	Act
MYB	ENSG00000118513	LUSC	B	Act
MYB	ENSG00000118513	SCLC	B	Act
MYB	ENSG00000118513	LUAD	B	Act
MYB	ENSG00000118513	UCEC	B	Act
MYC	ENSG00000136997	DLBCL	B	Act
MYCN	ENSG00000134323	NB	B	Act
MYD88	ENSG00000172936	CLL	A	Act
MYH10	ENSG00000133026	BLCA	C	Act
MYH10	ENSG00000133026	PRAD	C	Act
MYH10	ENSG00000133026	UCEC	C	Act
MYH10	ENSG00000133026	MM	C	Act
MYH10	ENSG00000133026	HC	C	Act
MYH10	ENSG00000133026	COREAD	C	Act
MYH10	ENSG00000133026	LUAD	C	Act
MYH10	ENSG00000133026	OV	C	Act
MYH11	ENSG00000133392	BRCA	B	Act
MYH11	ENSG00000133392	BLCA	B	Act
MYH11	ENSG00000133392	STAD	B	Act
MYH14	ENSG00000105357	BRCA	C	Act
MYH9	ENSG00000100345	STAD	B	Act
MYH9	ENSG00000100345	HNSC	B	Act
MYH9	ENSG00000100345	BRCA	B	Act
NAP1L1	ENSG00000187109	STAD	C	LoF
NAP1L1	ENSG00000187109	PRAD	C	LoF
NAP1L1	ENSG00000187109	BLCA	C	LoF
NCF2	ENSG00000116701	GBM	C	Ambiguous
NCF2	ENSG00000116701	LUSC	C	Ambiguous
NCF2	ENSG00000116701	HNSC	C	Ambiguous
NCF2	ENSG00000116701	CM	C	Ambiguous
NCF2	ENSG00000116701	UCEC	C	Ambiguous
NCF2	ENSG00000116701	BLCA	C	Ambiguous
NCK1	ENSG00000158092	THCA	C	Act
NCK1	ENSG00000158092	LUAD	C	Act
NCK1	ENSG00000158092	LUSC	C	Act
NCK1	ENSG00000158092	STAD	C	Act
NCKAP1	ENSG00000061676	CM	C	LoF
NCKAP1	ENSG00000061676	SCLC	C	LoF
NCKAP1	ENSG00000061676	HNSC	C	LoF
NCKAP1	ENSG00000061676	STAD	C	LoF
NCKAP1	ENSG00000061676	ESCA	C	LoF
NCKAP1	ENSG00000061676	UCEC	C	LoF
NCKAP1	ENSG00000061676	LUAD	C	LoF
NCKAP1	ENSG00000061676	OV	C	LoF
NCOR1	ENSG00000141027	CM	C	LoF
NCOR1	ENSG00000141027	BRCA	A	LoF
NCOR1	ENSG00000141027	GBM	C	LoF
NCOR1	ENSG00000141027	CLL	C	LoF
NCOR1	ENSG00000141027	HNSC	A	LoF
NCOR1	ENSG00000141027	LGG	B	LoF
NCOR1	ENSG00000141027	UCEC	C	LoF
NCOR1	ENSG00000141027	RCCC	B	LoF
NCOR1	ENSG00000141027	PRAD	A	LoF
NCOR2	ENSG00000196498	BLCA	C	Act
NDRG1	ENSG00000104419	OV	B	Act
NDRG1	ENSG00000104419	BLCA	B	Act
NDRG1	ENSG00000104419	UCEC	B	Act
NDRG1	ENSG00000104419	LUSC	B	Act
NDRG1	ENSG00000104419	BRCA	B	Act
NDRG1	ENSG00000104419	CM	B	Act
NEDD4L	ENSG00000049759	HNSC	C	Act
NEDD4L	ENSG00000049759	GBM	C	Act
NEDD4L	ENSG00000049759	LGG	C	Act
NEDD4L	ENSG00000049759	UCEC	C	Act
NEDD4L	ENSG00000049759	LUAD	C	Act
NEDD4L	ENSG00000049759	STAD	C	Act
NF1	ENSG00000196712	HC	A	LoF
NF1	ENSG00000196712	LGG	A	LoF
NF1	ENSG00000196712	AML	A	LoF
NF1	ENSG00000196712	GBM	A	LoF
NF1	ENSG00000196712	LUAD	A	LoF
NF1	ENSG00000196712	CM	A	LoF
NF1	ENSG00000196712	BRCA	A	LoF
NF1	ENSG00000196712	MM	A	LoF
NF1	ENSG00000196712	COREAD	A	LoF
NF1	ENSG00000196712	NB	A	LoF
NF1	ENSG00000196712	ALL	A	LoF
NF1	ENSG00000196712	MB	A	LoF
NF1	ENSG00000196712	LUSC	A	LoF
NF1	ENSG00000196712	HNSC	A	LoF
NF1	ENSG00000196712	OV	A	LoF
NF1	ENSG00000196712	SCLC	A	LoF
NF2	ENSG00000186575	CM	B	LoF
NF2	ENSG00000186575	MEN	A	LoF
NF2	ENSG00000186575	LGG	B	LoF
NF2	ENSG00000186575	LUAD	B	LoF
NF2	ENSG00000186575	UCEC	B	LoF
NF2	ENSG00000186575	PAAD	B	LoF
NF2	ENSG00000186575	BRCA	B	LoF
NFATC4	ENSG00000100968	LUSC	C	LoF
NFATC4	ENSG00000100968	HNSC	C	LoF
NFATC4	ENSG00000100968	CM	C	LoF
NFATC4	ENSG00000100968	GBM	C	LoF
NFATC4	ENSG00000100968	HC	C	LoF
NFE2L2	ENSG00000116044	ESCA	A	Act
NFE2L2	ENSG00000116044	LUSC	A	Act
NFE2L2	ENSG00000116044	HC	A	Act
NFE2L2	ENSG00000116044	BLCA	A	Act
NFE2L2	ENSG00000116044	CM	A	Act
NFE2L2	ENSG00000116044	UCEC	A	Act
NFE2L2	ENSG00000116044	LUAD	A	Act
NFE2L2	ENSG00000116044	STAD	A	Act
NFE2L2	ENSG00000116044	RCCC	A	Act
NFE2L2	ENSG00000116044	HNSC	A	Act
NKX3-1	ENSG00000167034	PRAD	C	Ambiguous
NOTCH1	ENSG00000148400	HNSC	A	ambiguous
NOTCH1	ENSG00000148400	NB	B	ambiguous
NOTCH1	ENSG00000148400	PRAD	B	ambiguous
NOTCH1	ENSG00000148400	BRCA	B	ambiguous
NOTCH1	ENSG00000148400	CLL	B	ambiguous
NOTCH1	ENSG00000148400	MM	B	ambiguous
NOTCH1	ENSG00000148400	OV	B	ambiguous
NOTCH1	ENSG00000148400	SCLC	B	ambiguous
NOTCH1	ENSG00000148400	LUSC	B	ambiguous
NOTCH1	ENSG00000148400	BLCA	B	ambiguous
NOTCH1	ENSG00000148400	CM	B	ambiguous
NOTCH1	ENSG00000148400	LGG	B	ambiguous
NOTCH2	ENSG00000134250	HNSC	B	ambiguous
NOTCH2	ENSG00000266766	HNSC	B	ambiguous
NOTCH2	ENSG00000266766	PRAD	B	ambiguous
NOTCH2	ENSG00000134250	BRCA	B	ambiguous
NOTCH2	ENSG00000266766	BRCA	B	ambiguous
NOTCH2	ENSG00000134250	PRAD	B	ambiguous
NPM1	ENSG00000181163	CM	A	ambiguous
NPM1	ENSG00000181163	LUAD	A	ambiguous
NPM1	ENSG00000181163	AML	A	ambiguous
NR2F2	ENSG00000185551	UCEC	C	Act
NR2F2	ENSG00000185551	GBM	C	Act
NR2F2	ENSG00000185551	CM	C	Act
NR2F2	ENSG00000185551	STAD	C	Act
NR2F2	ENSG00000185551	COREAD	C	Act
NR4A2	ENSG00000153234	STAD	C	LoF
NR4A2	ENSG00000153234	CM	C	LoF
NR4A2	ENSG00000153234	LUSC	C	LoF
NR4A2	ENSG00000153234	SCLC	C	LoF
NR4A2	ENSG00000153234	COREAD	C	LoF
NR4A2	ENSG00000153234	BRCA	C	LoF
NR4A2	ENSG00000153234	HNSC	C	LoF
NR4A2	ENSG00000153234	OV	C	LoF
NRAS	ENSG00000213281	CLL	A	Act
NRAS	ENSG00000213281	THCA	A	Act
NRAS	ENSG00000213281	UCEC	A	Act
NRAS	ENSG00000213281	ALL	A	Act
NRAS	ENSG00000213281	AML	A	Act
NRAS	ENSG00000213281	MM	A	Act
NRAS	ENSG00000213281	BRCA	A	Act
NRAS	ENSG00000213281	COREAD	A	Act
NRAS	ENSG00000213281	LUAD	A	Act
NRAS	ENSG00000213281	BLCA	A	Act
NRAS	ENSG00000213281	OV	A	Act
NRAS	ENSG00000213281	NB	A	Act
NRAS	ENSG00000213281	CM	A	Act
NSD1	ENSG00000165671	MM	B	Act
NSD1	ENSG00000165671	BRCA	B	Act
NSD1	ENSG00000165671	CLL	B	Act
NSD1	ENSG00000165671	THCA	B	Act
NSD1	ENSG00000165671	STAD	B	Act
NSD1	ENSG00000165671	OV	B	Act
NSD1	ENSG00000165671	ESCA	B	Act
NSD1	ENSG00000165671	HNSC	A	Act
NTRK2	ENSG00000148053	LUAD	C	Act
NUP107	ENSG00000111581	LUSC	C	Act
NUP107	ENSG00000111581	ESCA	C	Act
NUP107	ENSG00000111581	STAD	C	Act
NUP107	ENSG00000111581	GBM	C	Act
NUP107	ENSG00000111581	BRCA	C	Act
NUP107	ENSG00000111581	COREAD	C	Act
NUP107	ENSG00000111581	SCLC	C	Act
NUP107	ENSG00000111581	CM	C	Act
NUP107	ENSG00000111581	LUAD	C	Act
NUP107	ENSG00000111581	HNSC	C	Act
NUP107	ENSG00000111581	BLCA	C	Act
NUP93	ENSG00000102900	UCEC	C	LoF
NUP98	ENSG00000110713	STAD	B	Act
NUP98	ENSG00000110713	ESCA	B	Act
NUP98	ENSG00000110713	LUAD	B	Act
NUP98	ENSG00000110713	PRAD	B	Act
NUP98	ENSG00000110713	LUSC	B	Act
NUP98	ENSG00000110713	BRCA	B	Act
NUP98	ENSG00000110713	COREAD	B	Act
NUP98	ENSG00000110713	BLCA	B	Act
NUP98	ENSG00000110713	CM	B	Act
NUP98	ENSG00000110713	RCCC	B	Act
PABPC1	ENSG00000070756	RCCC	A	Ambiguous
PABPC3	ENSG00000151846	HNSC	C	Ambiguous
PAX5	ENSG00000196092	HNSC	B	Act
PAX5	ENSG00000196092	GBM	B	Act
PAX5	ENSG00000196092	LUAD	B	Act
PAX5	ENSG00000196092	ESCA	B	Act
PAX5	ENSG00000196092	LUSC	B	Act
PAX5	ENSG00000196092	CM	B	Act
PAX5	ENSG00000196092	BRCA	B	Act
PBRM1	ENSG00000163939	PAAD	B	LoF
PBRM1	ENSG00000163939	HC	A	LoF
PBRM1	ENSG00000163939	RCCC	A	LoF
PBRM1	ENSG00000163939	PRAD	A	LoF
PBRM1	ENSG00000163939	GBM	A	LoF
PBRM1	ENSG00000163939	CLL	A	LoF
PBRM1	ENSG00000163939	BRCA	A	LoF
PBRM1	ENSG00000163939	LUAD	A	LoF
PBRM1	ENSG00000163939	MM	A	LoF
PBRM1	ENSG00000163939	HNSC	A	LoF
PBRM1	ENSG00000163939	NB	A	LoF
PCBP1	ENSG00000169564	COREAD	C	Act
PCSK6	ENSG00000140479	BRCA	C	Act
PCSK6	ENSG00000140479	LUSC	C	Act
PCSK6	ENSG00000140479	LUAD	C	Act
PCSK6	ENSG00000140479	BLCA	C	Act
PCSK6	ENSG00000140479	RCCC	C	Act
PDGFRA	ENSG00000134853	PRAD	B	Act
PER1	ENSG00000179094	CM	B	Act
PGR	ENSG00000082175	UCEC	C	Act
PHF6	ENSG00000156531	UCEC	A	LoF
PHF6	ENSG00000156531	BRCA	A	LoF
PHF6	ENSG00000156531	AML	A	LoF
PHF6	ENSG00000156531	STAD	A	LoF
PHF6	ENSG00000156531	RCCC	A	LoF
PHF6	ENSG00000156531	LUSC	A	LoF
PHF6	ENSG00000156531	LUAD	A	LoF
PHF6	ENSG00000156531	BLCA	A	LoF
PHF6	ENSG00000156531	CM	A	LoF
PIK3C2B	ENSG00000133056	CM	C	Act
PIK3CA	ENSG00000121879	LGG	A	Act
PIK3CA	ENSG00000121879	OV	A	Act
PIK3CA	ENSG00000121879	BRCA	A	Act
PIK3CA	ENSG00000121879	UCEC	A	Act
PIK3CA	ENSG00000121879	CM	A	Act
PIK3CA	ENSG00000121879	MEN	A	Act
PIK3CA	ENSG00000121879	LUSC	A	Act
PIK3CA	ENSG00000121879	MM	A	Act
PIK3CA	ENSG00000121879	COREAD	A	Act
PIK3CA	ENSG00000121879	HC	A	Act
PIK3CA	ENSG00000121879	ESCA	A	Act
PIK3CA	ENSG00000121879	SCLC	A	Act
PIK3CA	ENSG00000121879	GBM	A	Act
PIK3CA	ENSG00000121879	THCA	A	Act
PIK3CA	ENSG00000121879	STAD	A	Act
PIK3CA	ENSG00000121879	NB	A	Act
PIK3CA	ENSG00000121879	PAAD	B	Act
PIK3CA	ENSG00000121879	PRAD	A	Act
PIK3CA	ENSG00000121879	MB	A	Act
PIK3CA	ENSG00000121879	HNSC	A	Act
PIK3CB	ENSG00000051382	CM	C	Act
PIK3CB	ENSG00000051382	BLCA	C	Act
PIK3CB	ENSG00000051382	LUSC	C	Act
PIK3CB	ENSG00000051382	BRCA	C	Act
PIK3CB	ENSG00000051382	NB	C	Act
PIK3CB	ENSG00000051382	GBM	C	Act
PIK3CB	ENSG00000051382	STAD	C	Act
PIK3CB	ENSG00000051382	PRAD	C	Act
PIK3R1	ENSG00000145675	HNSC	A	LoF
PIK3R1	ENSG00000145675	UCEC	A	LoF
PIK3R1	ENSG00000145675	STAD	A	LoF
PIK3R1	ENSG00000145675	RCCC	A	LoF
PIK3R1	ENSG00000145675	COREAD	A	LoF
PIK3R1	ENSG00000145675	BRCA	A	LoF
PIK3R1	ENSG00000145675	CM	A	LoF
PIK3R1	ENSG00000145675	GBM	A	LoF
PIK3R1	ENSG00000145675	LGG	A	LoF
PIK3R1	ENSG00000145675	LUAD	A	LoF
PIK3R3	ENSG00000117461	BRCA	C	Act
PIK3R3	ENSG00000117461	LUSC	C	Act
PIK3R3	ENSG00000117461	HNSC	C	Act
PIK3R3	ENSG00000117461	LUAD	C	Act
PIK3R3	ENSG00000117461	UCEC	C	Act
PIK3R3	ENSG00000117461	CM	C	Act
PIK3R3	ENSG00000117461	PRAD	C	Act
PIP5K1A	ENSG00000143398	LUSC	C	Ambiguous
PIP5K1A	ENSG00000143398	BRCA	C	Ambiguous
PIP5K1A	ENSG00000143398	BLCA	C	Ambiguous
PIP5K1A	ENSG00000143398	STAD	C	Ambiguous
PIP5K1A	ENSG00000143398	RCCC	C	Ambiguous
PIP5K1A	ENSG00000143398	LUAD	C	Ambiguous
PIP5K1A	ENSG00000143398	CM	C	Ambiguous
PLCG1	ENSG00000124181	UCEC	C	Act
PLXNA1	ENSG00000114554	PRAD	C	Act
PLXNB2	ENSG00000196576	UCEC	C	Act
POLR2B	ENSG00000047315	COREAD	C	Act
POLR2B	ENSG00000047315	OV	C	Act
POLR2B	ENSG00000047315	BRCA	C	Act
POLR2B	ENSG00000047315	HNSC	C	Act
POLR2B	ENSG00000047315	LUAD	C	Act
POLR2B	ENSG00000047315	PRAD	C	Act
POLR2B	ENSG00000047315	STAD	C	Act
POLR2B	ENSG00000047315	CM	C	Act
POLR2B	ENSG00000047315	MM	C	Act
POM121	ENSG00000262122	CM	C	Act
POM121	ENSG00000196313	CM	C	Act
POT1	ENSG00000128513	CLL	A	Ambiguous
PPM1D	ENSG00000170836	THCA	C	LoF
PPP2R1A	ENSG00000105568	UCEC	A	Act
PPP2R1A	ENSG00000105568	COREAD	B	Act
PPP2R1A	ENSG00000105568	THCA	B	Act
PPP2R1A	ENSG00000105568	STAD	B	Act
PPP2R1A	ENSG00000105568	HNSC	B	Act
PPP2R1A	ENSG00000105568	CM	B	Act
PPP2R1A	ENSG00000105568	LUAD	B	Act
PPP2R1A	ENSG00000105568	RCCC	B	Act
PPP2R5A	ENSG00000066027	UCEC	C	LoF
PPP2R5A	ENSG00000066027	LUAD	C	LoF
PPP2R5A	ENSG00000066027	CM	C	LoF
PPP2R5C	ENSG00000078304	UCEC	C	Act
PPP2R5C	ENSG00000078304	HNSC	C	Act
PPP2R5C	ENSG00000078304	CM	C	Act
PPP2R5C	ENSG00000078304	LUSC	C	Act
PPP6C	ENSG00000119414	CM	A	LoF
PRKAR1A	ENSG00000108946	BRCA	B	LoF
PRKAR1A	ENSG00000108946	MB	B	LoF
PRKCZ	ENSG00000067606	BRCA	C	Ambiguous
PRPF8	ENSG00000174231	MM	C	Act
PRPF8	ENSG00000174231	LUAD	C	Act
PRPF8	ENSG00000174231	PRAD	C	Act
PRPF8	ENSG00000174231	GBM	C	Act
PRPF8	ENSG00000174231	AML	C	Act
PRPF8	ENSG00000174231	LUSC	C	Act
PRPF8	ENSG00000174231	HNSC	C	Act
PRPF8	ENSG00000174231	UCEC	C	Act
PRPF8	ENSG00000174231	THCA	C	Act
PRRX1	ENSG00000116132	STAD	B	Act
PRRX1	ENSG00000116132	LUAD	B	Act
PRRX1	ENSG00000116132	HNSC	B	Act
PRRX1	ENSG00000116132	CM	B	Act
PRRX1	ENSG00000116132	UCEC	B	Act
PSIP1	ENSG00000164985	HNSC	B	Act
PSMA6	ENSG00000100902	LUAD	C	Ambiguous
PSMA6	ENSG00000100902	CM	C	Ambiguous
PSMA6	ENSG00000100902	RCCC	C	Ambiguous
PSMD11	ENSG00000108671	LUAD	C	LoF
PSME3	ENSG00000131467	RCCC	C	LoF
PTCH1	ENSG00000185920	MB	B	LoF
PTEN	ENSG00000171862	BRCA	A	LoF
PTEN	ENSG00000171862	OV	A	LoF
PTEN	ENSG00000171862	ALL	A	LoF
PTEN	ENSG00000171862	BLCA	A	LoF
PTEN	ENSG00000171862	LGG	A	LoF
PTEN	ENSG00000171862	SCLC	A	LoF
PTEN	ENSG00000171862	RCCC	A	LoF
PTEN	ENSG00000171862	PRAD	A	LoF
PTEN	ENSG00000171862	GBM	A	LoF
PTEN	ENSG00000171862	THCA	A	LoF
PTEN	ENSG00000171862	LUSC	A	LoF
PTEN	ENSG00000171862	UCEC	A	LoF
PTEN	ENSG00000171862	LUAD	A	LoF
PTEN	ENSG00000171862	HC	A	LoF
PTEN	ENSG00000171862	COREAD	A	LoF
PTEN	ENSG00000171862	PAAD	B	LoF
PTEN	ENSG00000171862	STAD	A	LoF
PTEN	ENSG00000171862	CM	A	LoF
PTGS1	ENSG00000095303	CM	C	LoF
PTGS1	ENSG00000095303	STAD	C	LoF
PTGS1	ENSG00000095303	BRCA	C	LoF
PTGS1	ENSG00000095303	LUAD	C	LoF
PTGS1	ENSG00000095303	COREAD	C	LoF
PTPN11	ENSG00000179295	MM	B	Act
PTPN11	ENSG00000179295	NB	B	Act
PTPN11	ENSG00000179295	AML	A	Act
PTPN11	ENSG00000179295	CLL	B	Act
PTPN11	ENSG00000179295	LUAD	B	Act
PTPN11	ENSG00000179295	UCEC	B	Act
PTPN11	ENSG00000179295	PIA	B	Act
PTPN11	ENSG00000179295	LGG	B	Act
PTPN11	ENSG00000179295	COREAD	B	Act
PTPN11	ENSG00000179295	LUSC	B	Act
PTPN11	ENSG00000179295	STAD	B	Act
PTPN11	ENSG00000179295	GBM	B	Act
PTPRF	ENSG00000142949	STAD	C	Act
PTPRJ	ENSG00000149177	PAAD	B	LoF
PTPRU	ENSG00000060656	COREAD	C	Act
PTPRU	ENSG00000060656	STAD	C	Act
PTPRU	ENSG00000060656	BLCA	C	Act
PTPRU	ENSG00000060656	ESCA	C	Act
PTPRU	ENSG00000060656	SCLC	C	Act
PTPRU	ENSG00000060656	BRCA	C	Act
RAC1	ENSG00000136238	HNSC	A	Act
RAC1	ENSG00000136238	CM	A	Act
RAD21	ENSG00000164754	SCLC	C	LoF
RAD21	ENSG00000164754	STAD	C	LoF
RAD21	ENSG00000164754	HNSC	C	LoF
RAD21	ENSG00000164754	ESCA	C	LoF
RAD21	ENSG00000164754	UCEC	C	LoF
RAD21	ENSG00000164754	BLCA	C	LoF
RAD21	ENSG00000164754	AML	C	LoF
RAD21	ENSG00000164754	COREAD	C	LoF
RAD21	ENSG00000164754	LUSC	C	LoF
RAD21	ENSG00000164754	CM	C	LoF
RAD23B	ENSG00000119318	LUAD	C	LoF
RAD23B	ENSG00000119318	CM	C	LoF
RAD23B	ENSG00000119318	UCEC	C	LoF
RASA1	ENSG00000145715	LUAD	A	LoF
RASA1	ENSG00000145715	RCCC	A	LoF
RASA1	ENSG00000145715	MM	A	LoF
RASA1	ENSG00000145715	LGG	A	LoF
RASA1	ENSG00000145715	BLCA	A	LoF
RASA1	ENSG00000145715	LUSC	A	LoF
RASA1	ENSG00000145715	HNSC	A	LoF
RASA1	ENSG00000145715	CM	A	LoF
RASA1	ENSG00000145715	STAD	A	LoF
RASA2	ENSG00000155903	CM	C	LoF
RASGRP1	ENSG00000172575	HNSC	C	Ambiguous
RB1	ENSG00000139687	LUAD	A	LoF
RB1	ENSG00000139687	CLL	A	LoF
RB1	ENSG00000139687	GBM	A	LoF
RB1	ENSG00000139687	OV	A	LoF
RB1	ENSG00000139687	LGG	A	LoF
RB1	ENSG00000139687	NSCLC	A	LoF
RB1	ENSG00000139687	ALL	A	LoF
RB1	ENSG00000139687	LUSC	A	LoF
RB1	ENSG00000139687	BRCA	A	LoF
RB1	ENSG00000139687	CM	A	LoF
RB1	ENSG00000139687	SCLC	A	LoF
RB1	ENSG00000139687	BLCA	A	LoF
RBBP7	ENSG00000102054	UCEC	C	Act
RBBP7	ENSG00000102054	STAD	C	Act
RBBP7	ENSG00000102054	BRCA	C	Act
RBBP7	ENSG00000102054	CM	C	Act
RBBP7	ENSG00000102054	PRAD	C	Act
RBM10	ENSG00000182872	PAAD	A	LoF
RBM10	ENSG00000182872	ESCA	C	LoF
RBM10	ENSG00000182872	LUAD	A	LoF
RBM10	ENSG00000182872	COREAD	C	LoF
RBM10	ENSG00000182872	LUSC	C	LoF
RBM5	ENSG00000003756	LUAD	C	LoF
RBM5	ENSG00000003756	BLCA	C	LoF
RBM5	ENSG00000003756	BRCA	C	LoF
RBM5	ENSG00000003756	STAD	C	LoF
RBM5	ENSG00000003756	UCEC	C	LoF
RFC4	ENSG00000163918	BRCA	C	Act
RGS3	ENSG00000138835	CM	C	Ambiguous
RGS3	ENSG00000138835	LUSC	C	Ambiguous
RHEB	ENSG00000106615	BRCA	C	Act
RHEB	ENSG00000106615	LUAD	C	Act
RHEB	ENSG00000106615	CM	C	Act
RHEB	ENSG00000106615	UCEC	C	Act
RHOA	ENSG00000067560	HNSC	A	Act
RHOA	ENSG00000067560	BLCA	A	Act
RHOA	ENSG00000067560	STAD	A	Act
RHOA	ENSG00000067560	CM	A	Act
RHOA	ENSG00000067560	OV	A	Act
RHOA	ENSG00000067560	ESCA	A	Act
RHOT1	ENSG00000126858	CM	C	Ambiguous
RNF43	ENSG00000108375	PAAD	A	LoF
RPGR	ENSG00000156313	BRCA	C	LoF
RPL22	ENSG00000116251	RCCC	A	Act
RPL22	ENSG00000116251	HNSC	A	Act
RPL22	ENSG00000116251	STAD	A	Act
RPL22	ENSG00000116251	CM	A	Act
RPL22	ENSG00000116251	UCEC	A	Act
RPL5	ENSG00000122406	RCCC	A	LoF
RPL5	ENSG00000122406	BRCA	A	LoF
RPL5	ENSG00000122406	CM	A	LoF
RPL5	ENSG00000122406	UCEC	A	LoF
RPL5	ENSG00000122406	ALL	A	LoF
RPL5	ENSG00000122406	GBM	A	LoF
RPL5	ENSG00000122406	LUSC	A	LoF
RPSAP58	ENSG00000205246	BLCA	A	Act
RPSAP58	ENSG00000205246	THCA	A	Act
RPSAP58	ENSG00000205246	PRAD	A	Act
RPSAP58	ENSG00000205246	GBM	A	Act
RPSAP58	ENSG00000205246	HNSC	A	Act
RQCD1	ENSG00000144580	PRAD	C	Ambiguous
RRAS2	ENSG00000133818	PAAD	B	Act
RRAS2	ENSG00000262489	PAAD	B	Act
RTN4	ENSG00000115310	ESCA	C	LoF
RTN4	ENSG00000115310	COREAD	C	LoF
RTN4	ENSG00000115310	HC	C	LoF
RTN4	ENSG00000115310	LUSC	C	LoF
RTN4	ENSG00000115310	STAD	C	LoF
RTN4	ENSG00000115310	CM	C	LoF
RTN4	ENSG00000115310	UCEC	C	LoF
RTN4	ENSG00000115310	LUAD	C	LoF
RUNX1	ENSG00000159216	STAD	A	ambiguous
RUNX1	ENSG00000159216	UCEC	A	ambiguous
RUNX1	ENSG00000159216	AML	A	ambiguous
RUNX1	ENSG00000159216	COREAD	A	ambiguous
RUNX1	ENSG00000159216	CM	A	ambiguous
RUNX1	ENSG00000159216	HNSC	A	ambiguous
RUNX1	ENSG00000159216	BRCA	A	ambiguous
RUNX3	ENSG00000020633	PAAD	C	LoF
SCAI	ENSG00000173611	PRAD	A	Act
SEC24D	ENSG00000150961	BRCA	C	LoF
SEC24D	ENSG00000150961	HNSC	C	LoF
SEC24D	ENSG00000150961	LUSC	C	LoF
SEC24D	ENSG00000150961	CM	C	LoF
SEC24D	ENSG00000150961	RCCC	C	LoF
SEC24D	ENSG00000150961	NSCLC	C	LoF
SEC31A	ENSG00000138674	UCEC	C	LoF
SETD2	ENSG00000181555	ESCA	A	LoF
SETD2	ENSG00000181555	LUAD	A	LoF
SETD2	ENSG00000181555	BLCA	A	LoF
SETD2	ENSG00000181555	OV	A	LoF
SETD2	ENSG00000181555	BRCA	A	LoF
SETD2	ENSG00000181555	LUSC	A	LoF
SETD2	ENSG00000181555	LGG	A	LoF
SETD2	ENSG00000181555	RCCC	A	LoF
SETD2	ENSG00000181555	STAD	A	LoF
SETDB1	ENSG00000143379	CM	C	Act
SETDB1	ENSG00000143379	CLL	C	Act
SETDB1	ENSG00000143379	LUAD	C	Act
SETDB1	ENSG00000143379	LUSC	C	Act
SETDB1	ENSG00000143379	PRAD	C	Act
SETDB1	ENSG00000143379	HC	C	Act
SETDB1	ENSG00000143379	OV	C	Act
SETDB1	ENSG00000143379	BRCA	C	Act
SETDB1	ENSG00000143379	BLCA	C	Act
SF3A3	ENSG00000183431	CM	C	LoF
SF3A3	ENSG00000183431	LUSC	C	LoF
SF3A3	ENSG00000183431	BLCA	C	LoF
SF3B1	ENSG00000115524	HNSC	B	Act
SF3B1	ENSG00000115524	COREAD	B	Act
SF3B1	ENSG00000115524	BRCA	A	Act
SF3B1	ENSG00000115524	ESCA	B	Act
SF3B1	ENSG00000115524	STAD	B	Act
SF3B1	ENSG00000115524	CLL	A	Act
SF3B1	ENSG00000115524	HC	B	Act
SF3B1	ENSG00000115524	GBM	B	Act
SF3B1	ENSG00000115524	CM	B	Act
SF3B1	ENSG00000115524	LUSC	B	Act
SF3B1	ENSG00000115524	PAAD	B	Act
SF3B1	ENSG00000115524	MM	B	Act
SF3B1	ENSG00000115524	BLCA	B	Act
SF3B1	ENSG00000115524	LUAD	B	Act
SF3B3	ENSG00000189091	PAAD	C	Ambiguous
SFPQ	ENSG00000116560	CM	B	Act
SFPQ	ENSG00000116560	BLCA	B	Act
SFPQ	ENSG00000116560	LUAD	B	Act
SFPQ	ENSG00000116560	BRCA	B	Act
SH2B3	ENSG00000111252	ALL	C	Ambiguous
SHMT1	ENSG00000176974	ESCA	C	Ambiguous
SHMT1	ENSG00000176974	LUAD	C	Ambiguous
SHMT1	ENSG00000176974	UCEC	C	Ambiguous
SHMT1	ENSG00000176974	RCCC	C	Ambiguous
SIN3A	ENSG00000169375	STAD	C	Act
SIN3A	ENSG00000169375	LUSC	C	Act
SIN3A	ENSG00000169375	RCCC	C	Act
SIN3A	ENSG00000169375	LUAD	C	Act
SIN3A	ENSG00000169375	OV	C	Act
SIN3A	ENSG00000169375	GBM	C	Act
SIN3A	ENSG00000169375	SCLC	C	Act
SIN3A	ENSG00000169375	HNSC	C	Act
SLC22A18	ENSG00000110628	PAAD	B	LoF
SMAD2	ENSG00000175387	LUSC	A	LoF
SMAD2	ENSG00000175387	RCCC	A	LoF
SMAD2	ENSG00000175387	CM	A	LoF
SMAD2	ENSG00000175387	UCEC	A	LoF
SMAD2	ENSG00000175387	STAD	A	LoF
SMAD2	ENSG00000175387	COREAD	A	LoF
SMAD2	ENSG00000175387	LUAD	A	LoF
SMAD2	ENSG00000175387	HNSC	A	LoF
SMAD3	ENSG00000166949	PAAD	A	LoF
SMAD4	ENSG00000141646	STAD	A	LoF
SMAD4	ENSG00000141646	BRCA	A	LoF
SMAD4	ENSG00000141646	PRAD	A	LoF
SMAD4	ENSG00000141646	LUSC	A	LoF
SMAD4	ENSG00000141646	LUAD	A	LoF
SMAD4	ENSG00000141646	COREAD	A	LoF
SMAD4	ENSG00000141646	ESCA	A	LoF
SMAD4	ENSG00000141646	CM	A	LoF
SMAD4	ENSG00000141646	PAAD	A	LoF
SMAD4	ENSG00000141646	BLCA	A	LoF
SMARCA1	ENSG00000102038	PRAD	C	LoF
SMARCA4	ENSG00000127616	STAD	B	LoF
SMARCA4	ENSG00000127616	BRCA	B	LoF
SMARCA4	ENSG00000127616	MB	B	LoF
SMARCA4	ENSG00000127616	HNSC	B	LoF
SMARCA4	ENSG00000127616	LGG	B	LoF
SMARCA4	ENSG00000127616	NSCLC	B	LoF
SMARCA4	ENSG00000127616	ESCA	B	LoF
SMARCA4	ENSG00000127616	DLBCL	B	LoF
SMARCA4	ENSG00000127616	LUAD	A	LoF
SMARCB1	ENSG00000099956	PRAD	B	LoF
SMC1A	ENSG00000072501	LUAD	C	Act
SMC1A	ENSG00000072501	BLCA	C	Act
SMC1A	ENSG00000269384	BLCA	C	Act
SMC1A	ENSG00000269384	LUAD	C	Act
SMC1A	ENSG00000072501	STAD	C	Act
SMC1A	ENSG00000072501	RCCC	C	Act
SMC1A	ENSG00000269384	STAD	C	Act
SMC1A	ENSG00000072501	CM	C	Act
SMC1A	ENSG00000269384	CM	C	Act
SMC1A	ENSG00000072501	HNSC	C	Act
SMC1A	ENSG00000269384	ESCA	C	Act
SMC1A	ENSG00000072501	ESCA	C	Act
SMC1A	ENSG00000269384	UCEC	C	Act
SMC1A	ENSG00000269384	HNSC	C	Act
SMC1A	ENSG00000269384	RCCC	C	Act
SMC1A	ENSG00000269384	COREAD	C	Act
SMC1A	ENSG00000072501	UCEC	C	Act
SMC1A	ENSG00000072501	COREAD	C	Act
SMO	ENSG00000128602	MB	A	Act
SMO	ENSG00000128602	MEN	A	Act
SMURF2	ENSG00000262909	CM	C	Ambiguous
SMURF2	ENSG00000108854	CM	C	Ambiguous
SOS1	ENSG00000115904	SCLC	C	Act
SOS1	ENSG00000115904	OV	C	Act
SOS1	ENSG00000115904	GBM	C	Act
SOS1	ENSG00000115904	BLCA	C	Act
SOS1	ENSG00000115904	BRCA	C	Act
SOS1	ENSG00000115904	STAD	C	Act
SOS1	ENSG00000115904	CM	C	Act
SOS2	ENSG00000100485	SCLC	C	Act
SOS2	ENSG00000100485	COREAD	C	Act
SOS2	ENSG00000100485	CM	C	Act
SOS2	ENSG00000100485	BRCA	C	Act
SOS2	ENSG00000100485	STAD	C	Act
SOS2	ENSG00000100485	BLCA	C	Act
SOX17	ENSG00000164736	UCEC	C	Act
SOX9	ENSG00000125398	STAD	B	LoF
SOX9	ENSG00000125398	COREAD	A	LoF
SOX9	ENSG00000125398	GBM	C	LoF
SOX9	ENSG00000125398	ESCA	C	LoF
SOX9	ENSG00000125398	HNSC	C	LoF
SOX9	ENSG00000125398	RCCC	A	LoF
SOX9	ENSG00000125398	LUAD	C	LoF
SOX9	ENSG00000125398	CM	A	LoF
SPOP	ENSG00000121067	CM	A	Act
SPOP	ENSG00000121067	UCEC	A	Act
SPOP	ENSG00000121067	HNSC	A	Act
SPOP	ENSG00000121067	PRAD	A	Act
SPOP	ENSG00000121067	STAD	A	Act
SPRR3	ENSG00000163209	LUAD	C	Act
SPTAN1	ENSG00000197694	HNSC	C	LoF
SPTAN1	ENSG00000197694	BRCA	C	LoF
SPTAN1	ENSG00000197694	SCLC	C	LoF
SPTAN1	ENSG00000197694	GBM	C	LoF
SPTAN1	ENSG00000197694	LUSC	C	LoF
SPTAN1	ENSG00000197694	ESCA	C	LoF
SRGAP1	ENSG00000196935	BRCA	C	Act
SRGAP3	ENSG00000196220	STAD	B	Act
SRGAP3	ENSG00000196220	LUSC	B	Act
SRGAP3	ENSG00000196220	RCCC	B	Act
SRGAP3	ENSG00000196220	COREAD	B	Act
SRGAP3	ENSG00000196220	ESCA	B	Act
SRGAP3	ENSG00000196220	UCEC	B	Act
SRGAP3	ENSG00000196220	MM	B	Act
STAG1	ENSG00000118007	NB	C	Act
STAG1	ENSG00000118007	LUAD	C	Act
STAG1	ENSG00000118007	LUSC	C	Act
STAG1	ENSG00000118007	BLCA	C	Act
STAG1	ENSG00000118007	OV	C	Act
STAG1	ENSG00000118007	CM	C	Act
STAG1	ENSG00000118007	BRCA	C	Act
STAG2	ENSG00000101972	OV	A	LoF
STAG2	ENSG00000101972	HNSC	A	LoF
STAG2	ENSG00000101972	CLL	A	LoF
STAG2	ENSG00000101972	COREAD	A	LoF
STAG2	ENSG00000101972	AML	A	LoF
STAG2	ENSG00000101972	GBM	A	LoF
STAG2	ENSG00000101972	CM	A	LoF
STAG2	ENSG00000101972	BLCA	A	LoF
STAG2	ENSG00000101972	BRCA	A	LoF
STARD13	ENSG00000133121	STAD	C	Act
STIP1	ENSG00000168439	STAD	C	LoF
STIP1	ENSG00000168439	LUAD	C	LoF
STIP1	ENSG00000168439	UCEC	C	LoF
STIP1	ENSG00000168439	HNSC	C	LoF
STIP1	ENSG00000168439	BRCA	C	LoF
STK11	ENSG00000118046	CM	A	LoF
STK11	ENSG00000118046	BRCA	A	LoF
STK11	ENSG00000118046	LUAD	A	LoF
STK11	ENSG00000118046	LUSC	A	LoF
STK4	ENSG00000101109	BLCA	C	Ambiguous
STK4	ENSG00000101109	STAD	C	Ambiguous
STK4	ENSG00000101109	LUSC	C	Ambiguous
STK4	ENSG00000101109	LUAD	C	Ambiguous
STK4	ENSG00000101109	BRCA	C	Ambiguous
SUZ12	ENSG00000178691	BRCA	B	Act
SUZ12	ENSG00000178691	STAD	B	Act
SUZ12	ENSG00000178691	BLCA	B	Act
SUZ12	ENSG00000178691	CM	B	Act
SUZ12	ENSG00000178691	AML	B	Act
SUZ12	ENSG00000178691	UCEC	B	Act
SUZ12	ENSG00000178691	LUSC	B	Act
SVEP1	ENSG00000165124	LUAD	C	Ambiguous
SVEP1	ENSG00000165124	CM	C	Ambiguous
SVEP1	ENSG00000165124	PRAD	C	Ambiguous
SVEP1	ENSG00000165124	BRCA	C	Ambiguous
SYK	ENSG00000165025	CM	B	Act
SYNCRIP	ENSG00000135316	LUSC	C	Ambiguous
SYNCRIP	ENSG00000135316	CM	C	Ambiguous
SYNCRIP	ENSG00000135316	ESCA	C	Ambiguous
SYNCRIP	ENSG00000135316	COREAD	C	Ambiguous
SYNCRIP	ENSG00000135316	UCEC	C	Ambiguous
SYNCRIP	ENSG00000135316	LUAD	C	Ambiguous
TAF1	ENSG00000147133	BRCA	C	Act
TAF1	ENSG00000147133	ESCA	C	Act
TAF1	ENSG00000147133	NB	C	Act
TAF1	ENSG00000147133	BLCA	C	Act
TAF1	ENSG00000147133	COREAD	C	Act
TAF1	ENSG00000147133	PRAD	C	Act
TAF1	ENSG00000147133	STAD	C	Act
TAF1	ENSG00000147133	SCLC	C	Act
TAF1	ENSG00000147133	MB	C	Act
TAF1	ENSG00000147133	LGG	C	Act
TAOK1	ENSG00000160551	ESCA	C	Ambiguous
TAOK1	ENSG00000160551	CM	C	Ambiguous
TAOK1	ENSG00000160551	LUAD	C	Ambiguous
TAOK1	ENSG00000160551	BLCA	C	Ambiguous
TAOK1	ENSG00000160551	HNSC	C	Ambiguous
TAOK2	ENSG00000149930	ESCA	C	Act
TAOK2	ENSG00000149930	BLCA	C	Act
TAOK2	ENSG00000149930	LUAD	C	Act
TAOK2	ENSG00000149930	RCCC	C	Act
TAOK2	ENSG00000149930	HNSC	C	Act
TAOK2	ENSG00000149930	PRAD	C	Act
TAOK2	ENSG00000149930	LUSC	C	Act
TAOK2	ENSG00000149930	STAD	C	Act
TBL1XR1	ENSG00000177565	LUAD	A	LoF
TBL1XR1	ENSG00000177565	STAD	A	LoF
TBL1XR1	ENSG00000177565	BLCA	A	LoF
TBL1XR1	ENSG00000177565	LUSC	A	LoF
TBL1XR1	ENSG00000177565	BRCA	A	LoF
TBL1XR1	ENSG00000177565	HC	A	LoF
TBL1XR1	ENSG00000177565	RCCC	A	LoF
TBL1XR1	ENSG00000177565	HNSC	A	LoF
TBL1XR1	ENSG00000177565	PRAD	A	LoF
TBL1XR1	ENSG00000177565	UCEC	A	LoF
TBX3	ENSG00000135111	HNSC	C	LoF
TBX3	ENSG00000135111	CM	A	LoF
TBX3	ENSG00000135111	BRCA	A	LoF
TBX3	ENSG00000135111	SCLC	C	LoF
TBX3	ENSG00000135111	BLCA	B	LoF
TBX3	ENSG00000135111	STAD	C	LoF
TBX3	ENSG00000135111	ESCA	C	LoF
TBX3	ENSG00000135111	UCEC	A	LoF
TBX3	ENSG00000135111	LUSC	C	LoF
TBX3	ENSG00000135111	COREAD	C	LoF
TBX3	ENSG00000135111	PRAD	C	LoF
TBX3	ENSG00000135111	OV	A	LoF
TCF12	ENSG00000140262	COREAD	B	Act
TCF12	ENSG00000140262	LUAD	B	Act
TCF12	ENSG00000140262	LGG	B	Act
TCF12	ENSG00000140262	BRCA	B	Act
TCF12	ENSG00000140262	RCCC	B	Act
TCF12	ENSG00000140262	CM	B	Act
TCF12	ENSG00000140262	HNSC	B	Act
TCF4	ENSG00000196628	STAD	C	Act
TCF4	ENSG00000196628	CM	C	Act
TCF4	ENSG00000196628	LUAD	C	Act
TCF4	ENSG00000196628	MB	C	Act
TCF4	ENSG00000196628	HNSC	C	Act
TCF7L2	ENSG00000148737	STAD	B	Act
TCF7L2	ENSG00000148737	OV	B	Act
TCF7L2	ENSG00000148737	BRCA	B	Act
TCF7L2	ENSG00000148737	LUAD	B	Act
TCF7L2	ENSG00000148737	COREAD	A	Act
TET2	ENSG00000168769	AML	A	LoF
TFDP1	ENSG00000198176	HNSC	C	Act
TFDP1	ENSG00000198176	LUAD	C	Act
TFDP1	ENSG00000198176	LUSC	C	Act
TFDP1	ENSG00000198176	STAD	C	Act
TFDP1	ENSG00000198176	OV	C	Act
TFDP1	ENSG00000198176	CM	C	Act
TFDP1	ENSG00000198176	UCEC	C	Act
TFDP1	ENSG00000198176	BRCA	C	Act
TFDP2	ENSG00000114126	CM	C	LoF
TFDP2	ENSG00000114126	HNSC	C	LoF
TFDP2	ENSG00000114126	LUSC	C	LoF
TGFBR1	ENSG00000106799	PAAD	A	Ambiguous
TGFBR2	ENSG00000163513	UCEC	A	LoF
TGFBR2	ENSG00000163513	PAAD	A	LoF
TGFBR2	ENSG00000163513	COREAD	B	LoF
TGFBR2	ENSG00000163513	BLCA	B	LoF
TGFBR2	ENSG00000163513	CM	C	LoF
TGFBR2	ENSG00000163513	HNSC	A	LoF
TGFBR2	ENSG00000163513	GBM	C	LoF
TGFBR2	ENSG00000163513	OV	A	LoF
TGFBR2	ENSG00000163513	LUSC	C	LoF
TGFBR2	ENSG00000163513	LUAD	B	LoF
TGFBR2	ENSG00000163513	BRCA	B	LoF
THRAP3	ENSG00000054118	STAD	B	Act
THRAP3	ENSG00000054118	PRAD	B	Act
THRAP3	ENSG00000054118	AML	B	Act
THRAP3	ENSG00000054118	LUSC	B	Act
THRAP3	ENSG00000054118	HNSC	B	Act
THRAP3	ENSG00000054118	BRCA	B	Act
THRAP3	ENSG00000054118	BLCA	B	Act
TJP1	ENSG00000104067	STAD	C	LoF
TJP1	ENSG00000104067	SCLC	C	LoF
TJP1	ENSG00000104067	OV	C	LoF
TJP1	ENSG00000104067	PRAD	C	LoF
TJP1	ENSG00000104067	LGG	C	LoF
TJP1	ENSG00000104067	GBM	C	LoF
TJP1	ENSG00000104067	THCA	C	LoF
TJP1	ENSG00000104067	RCCC	C	LoF
TJP2	ENSG00000119139	LUSC	C	Act
TJP2	ENSG00000119139	CM	C	Act
TJP2	ENSG00000119139	HNSC	C	Act
TJP2	ENSG00000119139	STAD	C	Act
TJP2	ENSG00000119139	PRAD	C	Act
TJP2	ENSG00000119139	RCCC	C	Act
TNPO1	ENSG00000083312	CM	C	Ambiguous
TNPO1	ENSG00000083312	STAD	C	Ambiguous
TNPO1	ENSG00000083312	BRCA	C	Ambiguous
TNPO1	ENSG00000083312	LUAD	C	Ambiguous
TNPO1	ENSG00000083312	LUSC	C	Ambiguous
TNPO1	ENSG00000083312	BLCA	C	Ambiguous
TNPO2	ENSG00000105576	STAD	C	Ambiguous
TOM1	ENSG00000100284	LUAD	C	LoF
TOM1	ENSG00000100284	OV	C	LoF
TOM1	ENSG00000100284	BRCA	C	LoF
TOM1	ENSG00000100284	LUSC	C	LoF
TP53	ENSG00000141510	ALL	A	LoF
TP53	ENSG00000141510	LGG	A	LoF
TP53	ENSG00000141510	PRAD	A	LoF
TP53	ENSG00000141510	CM	A	LoF
TP53	ENSG00000141510	HC	A	LoF
TP53	ENSG00000141510	PAAD	A	LoF
TP53	ENSG00000141510	LUAD	A	LoF
TP53	ENSG00000141510	ESCA	A	LoF
TP53	ENSG00000141510	DLBCL	A	LoF
TP53	ENSG00000141510	BLCA	A	LoF
TP53	ENSG00000141510	AML	A	LoF
TP53	ENSG00000141510	OV	A	LoF
TP53	ENSG00000141510	HNSC	A	LoF
TP53	ENSG00000141510	NSCLC	A	LoF
TP53	ENSG00000141510	GBM	A	LoF
TP53	ENSG00000141510	SCLC	A	LoF
TP53	ENSG00000141510	MB	A	LoF
TP53	ENSG00000141510	MM	A	LoF
TP53	ENSG00000141510	UCEC	A	LoF
TP53	ENSG00000141510	CLL	A	LoF
TP53	ENSG00000141510	LUSC	A	LoF
TP53	ENSG00000141510	COREAD	A	LoF
TP53	ENSG00000141510	STAD	A	LoF
TP53	ENSG00000141510	THCA	A	LoF
TP53	ENSG00000141510	BRCA	A	LoF
TP53BP1	ENSG00000067369	STAD	C	LoF
TP53BP1	ENSG00000067369	UCEC	C	LoF
TP53BP1	ENSG00000067369	ESCA	C	LoF
TP53BP1	ENSG00000067369	RCCC	C	LoF
TP53BP1	ENSG00000067369	OV	C	LoF
TP53BP1	ENSG00000067369	COREAD	C	LoF
TP53BP1	ENSG00000067369	BLCA	C	LoF
TP53BP1	ENSG00000067369	LUAD	C	LoF
TP53BP1	ENSG00000067369	PRAD	C	LoF
TRAF3	ENSG00000131323	MM	C	LoF
TRAF7	ENSG00000131653	MEN	A	LoF
TRERF1	ENSG00000124496	CM	C	Act
TRIO	ENSG00000038382	THCA	C	Act
TRIO	ENSG00000038382	RCCC	C	Act
TRIO	ENSG00000038382	HNSC	C	Act
TRIO	ENSG00000038382	BLCA	C	Act
TRIO	ENSG00000038382	BRCA	C	Act
TRIO	ENSG00000038382	LGG	C	Act
TRIO	ENSG00000038382	OV	C	Act
TRIO	ENSG00000038382	NB	C	Act
TRIO	ENSG00000038382	CLL	C	Act
TRIO	ENSG00000038382	PRAD	C	Act
TRIO	ENSG00000038382	COREAD	C	Act
TRIO	ENSG00000038382	ESCA	C	Act
TRIO	ENSG00000038382	GBM	C	Act
TRIP10	ENSG00000125733	HNSC	C	Act
TSC1	ENSG00000165699	BLCA	B	LoF
TXNIP	ENSG00000117289	BLCA	A	Act
U2AF1	ENSG00000160201	UCEC	A	Act
U2AF1	ENSG00000160201	LUAD	A	Act
U2AF1	ENSG00000160201	HNSC	A	Act
U2AF1	ENSG00000160201	PAAD	B	Act
U2AF1	ENSG00000160201	AML	A	Act
UPF3B	ENSG00000125351	LUSC	C	LoF
UPF3B	ENSG00000125351	LUAD	C	LoF
USP6	ENSG00000129204	CM	B	Act
VHL	ENSG00000134086	RCCC	A	LoF
VHL	ENSG00000134086	CM	A	LoF
VHL	ENSG00000134086	UCEC	A	LoF
VIM	ENSG00000026025	CM	C	Ambiguous
WASF3	ENSG00000132970	CM	C	Ambiguous
WHSC1	ENSG00000109685	HNSC	B	Act
WHSC1L1	ENSG00000147548	RCCC	B	Act
WHSC1L1	ENSG00000147548	PRAD	B	Act
WIPF1	ENSG00000115935	COREAD	C	Act
WIPF1	ENSG00000115935	CM	C	Act
WIPF1	ENSG00000115935	UCEC	C	Act
WIPF1	ENSG00000115935	LUSC	C	Act
WIPF1	ENSG00000115935	THCA	C	Act
WIPF1	ENSG00000115935	STAD	C	Act
WNK1	ENSG00000060237	CM	C	ambiguous
WNT5A	ENSG00000114251	PRAD	C	Act
WT1	ENSG00000184937	COREAD	A	LoF
WT1	ENSG00000184937	AML	A	LoF
WT1	ENSG00000184937	ESCA	A	LoF
WT1	ENSG00000184937	RCCC	A	LoF
WT1	ENSG00000184937	STAD	A	LoF
WT1	ENSG00000184937	GBM	A	LoF
WT1	ENSG00000184937	CM	A	LoF
WT1	ENSG00000184937	LUSC	A	LoF
XPO1	ENSG00000082898	CLL	A	Act
XRN1	ENSG00000114127	CM	C	LoF
YBX1	ENSG00000065978	CM	C	Act
YBX1	ENSG00000065978	OV	C	Act
ZC3H11A	ENSG00000058673	COREAD	C	Ambiguous
ZC3H11A	ENSG00000058673	ESCA	C	Ambiguous
ZC3H11A	ENSG00000058673	THCA	C	Ambiguous
ZC3H11A	ENSG00000058673	LUSC	C	Ambiguous
ZC3H11A	ENSG00000058673	CM	C	Ambiguous
ZC3H11A	ENSG00000058673	UCEC	C	Ambiguous
ZC3H11A	ENSG00000058673	HNSC	C	Ambiguous
ZC3H11A	ENSG00000058673	SCLC	C	Ambiguous
ZC3H11A	ENSG00000058673	STAD	C	Ambiguous
ZFHX3	ENSG00000140836	UCEC	C	LoF
ZFHX3	ENSG00000140836	PRAD	C	LoF
ZFP36L1	ENSG00000185650	BRCA	A	LoF
ZFP36L2	ENSG00000152518	UCEC	C	LoF
ZFP36L2	ENSG00000152518	MM	C	LoF
ZFP36L2	ENSG00000152518	LUSC	C	LoF
ZFP36L2	ENSG00000152518	BRCA	C	LoF
ZFP36L2	ENSG00000152518	BLCA	C	LoF
ZFP36L2	ENSG00000152518	CM	C	LoF
ZFP36L2	ENSG00000152518	ESCA	C	LoF
ZFP36L2	ENSG00000152518	RCCC	C	LoF
ZMYM2	ENSG00000121741	LUAD	B	Act
ZMYM2	ENSG00000121741	UCEC	B	Act
ZMYM2	ENSG00000121741	STAD	B	Act
ZMYM2	ENSG00000121741	CM	B	Act
ZMYM2	ENSG00000121741	LGG	B	Act
ZMYM2	ENSG00000121741	PRAD	B	Act
ZMYM2	ENSG00000121741	BLCA	B	Act
ZNF292	ENSG00000188994	LGG	C	LoF
ZNF638	ENSG00000075292	CM	C	Ambiguous
ZNF750	ENSG00000141579	HNSC	A	LoF
ZNF814	ENSG00000204514	CM	B	Act
ZNF814	ENSG00000204514	UCEC	C	Act
ZNF814	ENSG00000204514	GBM	A	Act
ZNF814	ENSG00000204514	PRAD	A	Act
ZNF814	ENSG00000204514	LGG	B	Act
ZNF814	ENSG00000204514	ESCA	C	Act
ZNF814	ENSG00000204514	LUAD	C	Act
ZNF814	ENSG00000204514	BLCA	B	Act
ZNF814	ENSG00000204514	RCCC	B	Act
